history_date,production_isk,destruction_isk,mining_isk
2019-01-01,5087849708462.761,1286211647406.05,1831586444220.8357
2019-01-02,5371248688706.399,1193095455106.14,1812047959736.395
2019-01-03,5016832154162.34,1138683309504.35,1994656413842.2158
2019-01-04,5261996815854.651,1326690437943.73,1919876399066.3848
2019-01-05,6386857229132.888,1880315842897.24,1835361961923.9336
2019-01-06,4935689474762.598,1485338460810.96,1869786789855.0652
2019-01-07,5411201569537.479,1249859623236.58,1800732333811.3875
2019-01-08,5014443102488.517,1034727091939.02,1880690590205.9617
2019-01-09,4790403555665.261,998775923719.2,1817394975300.6516
2019-01-10,5527709629172.703,1180250493055.9,1836186071369.5215
2019-01-11,5472070878088.005,1011792696747.99,1861351405644.6553
2019-01-12,5024847254253.815,1985844939572.98,2019346196338.573
2019-01-13,5204754428306.145,1871783935528.97,1591990497830.4463
2019-01-14,5466997506236.575,1078138817300.9,1793237786466.6108
2019-01-15,4963709037671.387,1000039324733.22,1715571494733.4058
2019-01-16,4994630810798.574,1772506361575.98,1782364522803.556
2019-01-17,5172650321086.691,1105042374662.93,1814676433340.8416
2019-01-18,5231629652267.1455,1172108430046.72,1883300945852.291
2019-01-19,4932863401256.919,1627619483818.12,2202408096176.052
2019-01-20,5339688479533.19,1713175335605.8,2154601288776.203
2019-01-21,5195178253642.996,1197968806799.13,2138433986512.7644
2019-01-22,4713143499215.997,982486967543.5,1947046936459.0527
2019-01-23,4773437482547.892,1114796158888.06,1860091898351.5054
2019-01-24,5531335313948.042,1096896665900.26,1954350327221.9897
2019-01-25,5047931844969.449,979118698930.57,1996883838146.8445
2019-01-26,5224165150149.943,1934939165424.06,2236366382102.0166
2019-01-27,6139135855690.53,1419752305897.61,2124282843171.6667
2019-01-28,5010045762897.552,1004576133117.55,1891389459331.7493
2019-01-29,5621797791554.534,1369660226342.56,1899372100944.4426
2019-01-30,5110087421634.329,982781081256.01,1996611104951.687
2019-01-31,5081682133320.56,1069113316763.51,2091143206256.9382
2019-02-01,5137485532206.709,995415351053.54,2088730354603.8108
2019-02-02,5701550920314.221,1891683063238.49,2141993462758.8262
2019-02-03,5360558529859.36,1579143929544.61,2287834664461.627
2019-02-04,5824664961244.549,898101375994.67,1884626373046.4678
2019-02-05,4597718676429.281,1089858209459.44,1689507371761.9668
2019-02-06,5172571431123.238,1090552099399.6,2021834286121.1147
2019-02-07,5026850218586.39,947910979611.59,1952676915151.7046
2019-02-08,5564971471517.414,956044975046.16,1986179113107.7783
2019-02-09,5674528092720.08,1663168772375.24,2285265729996.377
2019-02-10,5430595159335.767,1250319325908.04,2576724078194.868
2019-02-11,5166952666458.911,933457445847.25,1978077198418.234
2019-02-12,5438198979207.544,1118918117035.9,2042741635106.387
2019-02-13,5235173344486.256,,
2019-02-14,5117116697679.578,901033661307.17,1924568501661.5374
2019-02-15,4842456419974.145,961719771159.57,2058352812967.5955
2019-02-16,5279173019620.324,1756453471590.47,2295518067657.1836
2019-02-17,5382082512048.812,1698124388064.17,2279562870258.8438
2019-02-18,5460201120560.334,957741104787.73,2083754624497.994
2019-02-19,5128654006137.846,1042477355025.67,2030446241740.6245
2019-02-20,5532782902277.13,1031503557545.99,2237658588122.799
2019-02-21,4947000611169.618,992188360458.34,1770771180616.4526
2019-02-22,4930652849195.56,1056483238284.1,1718444819037.1025
2019-02-23,4730407443040.534,1608461118324.86,1892185896612.9722
2019-02-24,4742967827331.453,1693374993102.96,1982568750263.069
2019-02-25,4844040355517.744,959431401637.49,2554593139168.5796
2019-02-26,4889749219462.61,1049904753080.04,2519760973980.8296
2019-02-27,5068540332130.429,1239496329230.96,1930212781824.375
2019-02-28,5123524623473.896,1110000427486.31,1896541705899.3435
2019-03-01,4692160136857.071,1207887644626.07,1713147482395.8293
2019-03-02,5737607872198.21,2005909504538.3,1949470204728.7761
2019-03-03,5753310901880.292,1830906086400.22,1896470143057.6445
2019-03-04,5122131995433.4375,966249716013.35,1714768088786.4963
2019-03-05,5969938144840.379,1055518974605.96,1715323444880.5867
2019-03-06,4534072243202.245,1187439821553.69,1786136366496.7078
2019-03-07,5377919812719.695,1007153236297.79,1809957859779.2803
2019-03-08,5070527094080.951,1023576151939.31,1802981424270.1616
2019-03-09,5652094359901.559,1464990461906.16,2182449764333.7961
2019-03-10,5828833905456.923,1457266452164.09,2213993043582.9233
2019-03-11,5318879643742.79,844640307827.74,1965013147766.7852
2019-03-12,4908190535425.175,1043837457533.34,2200184485443.132
2019-03-13,4690006487639.392,1014028300683.38,1673905221213.8875
2019-03-14,5209923038702.379,1130308153119.06,1655646231798.338
2019-03-15,5082639724027.577,1066309150221.08,1677175876611.2595
2019-03-16,4902443304524.789,1810672474754.23,3052178234074.882
2019-03-17,5434431060060.29,1416079493882.8,2233472065715.859
2019-03-18,5481296460378.594,1241810221000.68,2453238481647.633
2019-03-19,4847793647400.354,958219403023.23,1746924511045.5664
2019-03-20,4874764681389.617,999998282834.96,
2019-03-21,4336255583807.5776,1116238353109.79,1933789848980.7314
2019-03-22,4861239117040.258,1077512108824.48,3142065788761.9
2019-03-23,5440354211365.308,1794625224309.83,2964683724805.9097
2019-03-24,4947056657036.378,2062846531840.27,2692358869288.6343
2019-03-25,4927845805068.694,1080355856310.71,
2019-03-26,4772433949691.116,1068311864265.96,1696240227528.521
2019-03-27,4440313449325.946,893788588303.8,1662393990851.7607
2019-03-28,4488196810935.0205,1065010527332.82,1749167177653.859
2019-03-29,5039475791864.13,1010556918224.37,1622733863409.8057
2019-03-30,4773382635630.6,2094096936583.51,1828852883073.268
2019-03-31,5787188990132.3125,1480657801330.24,2204023817684.518
2019-04-01,4964057082663.7705,1071073251070.0,1642430644244.55
2019-04-02,4942587945816.595,1128798869691.0,1632507583871.6785
2019-04-03,4224165558616.102,1048666115697.66,1861197383630.0022
2019-04-04,4521503419155.419,942139031023.51,1680619407286.877
2019-04-05,4750174366824.85,1891731720169.97,1749541065031.6724
2019-04-06,4930411067232.895,1926433903461.15,1752703510885.771
2019-04-07,6036370105912.864,1597767251407.65,1992812284835.6716
2019-04-08,5194859565321.079,973902779746.39,1617625750689.4368
2019-04-09,4695289123873.866,1138772382471.96,1601975552105.9336
2019-04-10,4736712362526.743,1020108576906.84,1369121221104.5881
2019-04-11,5293290436159.163,975859509874.01,1386367343436.7363
2019-04-12,4506991391385.6455,1292971318665.31,1349939911502.7
2019-04-13,4926107421813.886,1835863019173.6,1544380098149.3572
2019-04-14,4832006510944.559,1802950613560.45,1503112135738.7817
2019-04-15,4987492853946.46,848649403006.97,1443096816030.7751
2019-04-16,4721424568216.233,955870604299.46,1303967730851.7317
2019-04-17,4700258105682.865,1055740373582.22,1387133372625.9177
2019-04-18,4708746099831.742,1003591886799.23,1421966949491.1357
2019-04-19,4649247150635.281,1159020021403.93,1489544244558.7612
2019-04-20,4685808852341.413,1691402061284.29,1700252071266.2983
2019-04-21,4777593283626.104,1246327780972.11,1648078406533.826
2019-04-22,4423577259210.127,1152429199986.13,1488984513374.7644
2019-04-23,4235151277203.1855,915577961245.2,1448768994942.027
2019-04-24,4541511355366.056,1268679963817.4,1483616775768.2424
2019-04-25,4458885425932.249,835554904011.27,1421836493817.2046
2019-04-26,4255166575129.8403,1017411707591.67,1437103291189.6577
2019-04-27,4957327802930.562,1455647200475.61,1605911928180.814
2019-04-28,4872777066074.634,1428270405789.08,1529959476694.4832
2019-04-29,4012894448880.671,904452523374.37,1471472334031.2144
2019-04-30,4435298222068.904,976732232761.66,1407042011713.0742
2019-05-01,4961288737609.083,1051016319417.56,1516235497533.225
2019-05-02,4488663682005.625,1091166589511.83,1535638236018.8696
2019-05-03,3963783351808.4014,1231261296215.37,1348649656518.327
2019-05-04,4718095992193.316,1695223754240.45,1570138564642.86
2019-05-05,4755762538393.098,1419662607073.56,1678439842684.6482
2019-05-06,4936824681497.868,1047438531034.44,1420794379311.6838
2019-05-07,4149122686645.304,1147709783103.32,1345574433234.6726
2019-05-08,4499580593069.494,990714844774.06,1464561523146.6472
2019-05-09,4218167445734.997,952474529814.44,1402784339049.7146
2019-05-10,3700588426446.8267,1293335812154.39,1432548481680.8572
2019-05-11,4398398686071.267,1875802023674.86,1510343723861.942
2019-05-12,5119639470301.191,1342782413626.09,1443712109764.6533
2019-05-13,4302056748626.9297,942760402147.23,1390332528481.54
2019-05-14,4325820254160.247,952460118077.64,1300675104410.0342
2019-05-15,4158050768073.179,975959375746.99,1407529011383.4727
2019-05-16,4318631926352.5938,971719071333.19,1463241305742.863
2019-05-17,4591756496348.3955,1124979272421.07,1574019214479.501
2019-05-18,4877533231657.737,1716885252466.59,1615447394807.0989
2019-05-19,5102066506080.873,1774455336461.85,1238819367768.7952
2019-05-20,4685558555420.666,897264931219.42,1202360165312.9238
2019-05-21,4595824252403.339,1036247506400.44,1099492054061.8342
2019-05-22,3798044030842.447,950170268247.74,1264875525859.1501
2019-05-23,4060772403145.554,892852908090.15,1180848695328.7114
2019-05-24,3627164376647.9233,1087698841372.61,1303576303113.8032
2019-05-25,4364722377984.7,1658014834704.04,1369775397008.3167
2019-05-26,4468039405981.285,1805139339886.42,1269516984443.5781
2019-05-27,4335512797963.984,1181791621938.34,1229758887202.1824
2019-05-28,4191556392705.4565,1074413516835.79,1046222830529.7112
2019-05-29,4137147170384.94,1170382902002.17,1279957100992.7363
2019-05-30,4078569426608.578,1092744557969.86,1282951764498.6968
2019-05-31,5256223315934.695,1709811633928.07,1069901809729.4137
2019-06-01,4473571630550.797,1960217753786.76,1282121657546.4614
2019-06-02,4675586469868.471,1632666758260.16,1333451485787.1975
2019-06-03,4734918050393.271,1022606988034.64,1128269079212.067
2019-06-04,4472790487669.762,1188415328441.2,1267091133376.113
2019-06-05,3994798458014.6504,1159849182592.77,1147847131409.5103
2019-06-06,4561371316476.174,882186259542.14,1042873016946.1273
2019-06-07,4417505540136.507,1094250080775.94,1252024230601.3118
2019-06-08,4308629237197.9585,1481426900652.26,1223889780673.457
2019-06-09,4361691772658.9414,1653884440441.4,1143461936884.6248
2019-06-10,4396989325352.466,960970836591.67,1231579002742.5315
2019-06-11,4091286626701.2593,1531950569381.1,1048342202230.4009
2019-06-12,4209971472964.718,1358635988419.05,1014760172511.7446
2019-06-13,3894103933736.4087,866954006395.72,1101613454573.9043
2019-06-14,4254176850259.066,1101122790834.21,1128152636585.9563
2019-06-15,4152736901904.759,1435364741552.76,1173256471342.7766
2019-06-16,4497501837094.524,1540386512785.91,1151994127798.4126
2019-06-17,4180518857593.1606,982275005751.25,1093157058322.4915
2019-06-18,4161307970217.271,1113007281525.48,1064461273205.7185
2019-06-19,3776361946696.758,1091391894108.15,984725145071.9589
2019-06-20,4119128850973.5005,991813759825.75,1071991627481.3691
2019-06-21,3868828224533.16,1107288206882.04,989943434588.6691
2019-06-22,3725744492135.696,1744334301888.03,1049887303277.8799
2019-06-23,3750470287990.116,1497864808578.46,1166689986934.4585
2019-06-24,3720866472497.131,895201638839.2,1015412759702.6288
2019-06-25,3663157091911.697,1063302883522.31,1114608334321.2793
2019-06-26,4271169086566.32,1063833732560.08,1194355472161.1013
2019-06-27,3573763608048.072,915637443510.54,1204810267959.1055
2019-06-28,4322513399024.766,1089132821806.97,1188815220767.1824
2019-06-29,4594514797099.107,1766505549563.26,1502431757405.7014
2019-06-30,4353982414921.584,1434108399758.43,2800827845960.4585
2019-07-01,4172066273732.515,983853748673.99,2227313785616.509
2019-07-02,3657366146348.2437,953438007251.14,2650621252788.498
2019-07-03,3542719156839.674,1090844074113.85,2055040038368.5515
2019-07-04,3757857511554.535,1331299491830.31,1913204793255.1892
2019-07-05,3495018090491.2637,1238067963352.28,2421942451168.6387
2019-07-06,4578639110859.213,1783058253259.55,2846329647148.905
2019-07-07,3719601801566.269,1493187977151.83,3082106154138.029
2019-07-08,4211453353381.926,1086736365687.1,1866908771749.763
2019-07-09,3574419805826.2246,1161702252108.2,1976484910645.5527
2019-07-10,3383751256867.3696,855613094966.92,2443660178460.6147
2019-07-11,3547963990563.121,920279282509.89,2150963304817.1658
2019-07-12,3904671898526.804,1259069686138.77,1061089571295.234
2019-07-13,4024202679669.0317,1884358580248.23,1454391902222.913
2019-07-14,4248368848350.3813,1729906425226.51,3195784871417.258
2019-07-15,3317090585300.7646,1075802295145.35,1426838604873.8618
2019-07-16,3484181194987.2383,1101887985956.87,1382437265971.6938
2019-07-17,3343494806263.2993,1076750347770.91,1726050903608.1262
2019-07-18,3136176442980.333,1002764463687.03,2675150836754.882
2019-07-19,3512992484627.341,1059581551917.25,1723089632885.7065
2019-07-20,3512099407804.831,1732965670918.63,1856416197275.6511
2019-07-21,3893077942103.596,1560033765340.28,1474792339783.604
2019-07-22,3423281934008.4165,1277611540484.97,1496586700038.0732
2019-07-23,3505625703334.418,1606226720356.08,1596854374049.3794
2019-07-24,3192483172497.082,1127207029087.33,1234287642632.5254
2019-07-25,2993577245873.6465,1067771543148.1,1090215441163.2385
2019-07-26,3300103266774.253,1384657691490.85,1345767889769.273
2019-07-27,3713902860108.688,1634459803079.79,1513286643141.5164
2019-07-28,4293684671365.77,1893555942018.37,1908695745674.4106
2019-07-29,3807501636212.5767,1221229495578.17,1060900084993.8969
2019-07-30,3792037613801.493,1172650986779.89,1064809104321.3704
2019-07-31,3304288917370.742,1466035815813.82,922495538497.5629
2019-08-01,3733976881688.683,979570082620.6,886957232193.2751
2019-08-02,3845251298289.834,1001923818679.69,813388063134.604
2019-08-03,3596423476154.33,1630512178135.43,1045083410166.4672
2019-08-04,3781646139409.0034,1914449086430.09,979829367441.0133
2019-08-05,3765927183339.871,1097594344899.66,944153324568.596
2019-08-06,3600587770696.833,1017771021959.15,939151157139.0581
2019-08-07,3425150815985.0225,1186021622612.42,963467604824.6589
2019-08-08,3681478134498.5664,1079721005853.9,994126518403.4037
2019-08-09,4422252921207.639,1142531867348.41,954828244783.0785
2019-08-10,3553575172666.9395,2135437115584.38,1016291708531.3458
2019-08-11,3774222189532.6895,1693178014752.32,1270003648959.1267
2019-08-12,3135638269010.562,899927738418.63,916907364801.5156
2019-08-13,3467238020453.4663,1056671952677.61,1030203131313.2734
2019-08-14,3343489648769.948,1114344412416.45,959239230427.7571
2019-08-15,3551687554567.5815,1111378442652.56,930085326898.4498
2019-08-16,3299996743288.896,878636721656.06,921046307659.9279
2019-08-17,3895306467629.295,1724256099252.81,
2019-08-18,3411431485926.011,1633853488569.58,1073266233741.7264
2019-08-19,3558813301106.9585,1025001974305.82,915098161880.7327
2019-08-20,3299388816601.4316,2233543769530.59,
2019-08-21,3357215929577.1157,1307172030837.44,
2019-08-22,3564473424321.6577,1057264765733.71,911850043321.4307
2019-08-23,3093270923158.445,1126795126595.06,929173841203.1648
2019-08-24,3404870360527.6763,1583797944969.45,1001635513867.2589
2019-08-25,3735332125844.5156,1705159077025.54,1178630106426.3167
2019-08-26,3397482162609.839,908799962445.89,917151680656.7046
2019-08-27,3505201452555.4917,910728505928.38,
2019-08-28,3661780046875.7827,961410235722.54,904910333656.7407
2019-08-29,2744862900331.4897,832584189887.37,838638465144.7944
2019-08-30,3138445688737.98,902918175329.16,809322343326.9076
2019-08-31,2970004968500.358,1477386592604.59,960692663690.7374
2019-09-01,3536975378465.536,1230870357591.77,1061600955179.711
2019-09-02,2962512833540.1714,1536197568902.86,
2019-09-03,3497036800705.436,1017712495524.77,
2019-09-04,2944064431990.2905,784878503986.7,878311475483.7056
2019-09-05,2866722268314.62,804734154395.05,966670638195.9819
2019-09-06,2816410396340.4756,808601804595.28,881995945733.4154
2019-09-07,2775573640663.4883,1639694372736.1,974201930763.01
2019-09-08,3162156591587.3765,1421350544869.3,898450830673.206
2019-09-09,2937407072962.9736,823035172969.81,831804324020.1786
2019-09-10,3018341198065.744,937625730626.26,
2019-09-11,2744483461592.7065,833775381614.17,727859538079.8843
2019-09-12,3009649406152.9683,1001466307130.49,741747201343.4414
2019-09-13,2897312583938.88,954898622658.04,696541172856.761
2019-09-14,3250496158999.669,1818927386162.86,752226841596.8499
2019-09-15,3152737732616.6294,1398139467242.08,797502701954.6179
2019-09-16,3380395737874.6807,911515409842.3,818029686823.6924
2019-09-17,3047000008275.2285,714567951256.19,583671552141.5132
2019-09-18,2879698420156.8223,779125649538.39,636235470739.7887
2019-09-19,3215205693003.3486,797864777289.17,914484986477.5768
2019-09-20,2771511573478.6187,994123188053.62,852439399826.6742
2019-09-21,3218102681583.7046,1730191798986.81,1025912547508.0251
2019-09-22,3118254991080.373,1237122950019.02,1173594647590.2976
2019-09-23,2820486477757.243,745338311625.82,957351933737.7996
2019-09-24,2820766047200.8354,789951086902.14,975237907196.0151
2019-09-25,2707723749289.8276,747579473187.84,959750417860.0251
2019-09-26,2850911963675.2363,819721076782.96,1001819657996.6436
2019-09-27,2976543521255.2563,1054430515026.93,938646683682.7705
2019-09-28,2942299694942.121,1282731835492.13,1092263120076.7986
2019-09-29,3139538620695.414,1219188174313.77,1006982008580.2705
2019-09-30,2781382970752.118,837123403889.71,1056373517375.3748
2019-10-01,2748570373766.428,842802819726.58,937084099012.6597
2019-10-02,2913071641983.7554,1228751904247.29,940422860525.797
2019-10-03,2540157523115.034,785231359514.97,999162329447.4048
2019-10-04,2969690182147.9375,896811326062.16,1017405513792.103
2019-10-05,3095851276831.4185,1398229973882.17,1056885513126.2943
2019-10-06,3148962653974.598,1159295149124.19,1294091318139.7964
2019-10-07,3406460018350.943,775156065461.7,1000888086025.3083
2019-10-08,3214766222772.24,777317263564.56,903913356229.4424
2019-10-09,2891663476292.314,831096114084.98,893918610700.7135
2019-10-10,2887683746380.0996,721501570594.19,936816427394.3726
2019-10-11,2762468655790.6753,893242137243.33,907252462170.5594
2019-10-12,3507866662150.955,1226309153312.53,1021893724713.6646
2019-10-13,2978992159357.5728,1066662689664.91,998833182223.9229
2019-10-14,3097744458678.5156,745222611567.97,955638415870.337
2019-10-15,3132593204644.2075,793198993264.27,952193570216.2078
2019-10-16,3295800053462.6636,815810893600.12,951389739641.9341
2019-10-17,3348666338434.725,899664182989.12,919739902081.2777
2019-10-18,3100544153198.786,822631211648.78,1017027869819.3835
2019-10-19,3620420859397.1875,1266292719376.17,1076168662784.7902
2019-10-20,3891916277229.157,1269976982327.98,1264775910866.2957
2019-10-21,3362061229320.656,765668544244.37,1054244313095.4406
2019-10-22,3099004624062.8013,843459465654.61,1076321550487.7603
2019-10-23,3402224560341.566,950443658284.89,989893273434.768
2019-10-24,2645881001297.084,832399493273.93,966410990442.1273
2019-10-25,2944481732393.4873,1000060442515.4,1000790861972.3373
2019-10-26,3443008423128.106,1389282451349.34,1086896177895.557
2019-10-27,3472423933118.7666,1231005494638.22,1046293754542.5425
2019-10-28,3354977690836.6553,665095003542.55,911652081568.9607
2019-10-29,3828645940213.3843,990745993666.18,941173839035.4722
2019-10-30,2861241891209.9434,1358053002998.32,908445542461.0176
2019-10-31,2534753764992.3438,1225773956870.32,908993874053.595
2019-11-01,3476423993668.1055,1560091026357.83,985365451039.427
2019-11-02,3208169311320.9062,1755783302217.02,1276738810773.894
2019-11-03,3420968603589.55,1638532536047.12,1326076996827.8015
2019-11-04,3044389772857.5273,1186762474461.54,993792232660.6383
2019-11-05,2918753859914.514,1118616955891.83,972537266459.2053
2019-11-06,2707386362239.9966,1205430742238.95,1055433365744.6927
2019-11-07,2984191147125.368,843135473164.59,1047695824885.1204
2019-11-08,3517648985868.3096,925174337255.14,1115724246456.8184
2019-11-09,4071880533517.586,1665781405536.09,1276738040556.619
2019-11-10,3553035084625.0293,1473786018898.63,1249232930398.1887
2019-11-11,3354446460207.9526,932419795415.74,1110146948303.4204
2019-11-12,2923737386731.915,813978155820.8,1049002855488.1272
2019-11-13,3301146008175.9175,690757896429.24,1091869211008.5753
2019-11-14,3449987644719.005,869116952106.18,1106827426966.2073
2019-11-15,3113292593732.482,954618105868.92,1045686014177.4779
2019-11-16,3668439549429.414,1544174915162.59,1208785971982.5752
2019-11-17,3867403368853.916,1389678672399.79,1403542987303.0842
2019-11-18,3772771515992.3853,890238147462.49,1131528555641.3691
2019-11-19,3061250702444.851,958914575801.8,982694616247.9342
2019-11-20,3165855188946.026,879819333025.84,977091746523.3383
2019-11-21,3663866574677.5674,1066277258195.71,980109972720.8032
2019-11-22,4213867759481.1743,972394633261.87,1013014022883.5325
2019-11-23,3507387642181.2983,1549478179974.74,1175357958426.9746
2019-11-24,3318088229235.108,1401109761292.18,1210428092703.6252
2019-11-25,3362815826933.4185,991437396727.33,972236693609.3854
2019-11-26,3396712661454.28,1017738138368.14,972748373794.4008
2019-11-27,3781247248453.0996,864835486387.89,980366809940.4615
2019-11-28,3189066165445.563,970640092837.61,1050805692644.2246
2019-11-29,3690952066164.215,851731642618.13,1101115179636.2324
2019-11-30,4189682705754.3037,1466322014414.04,1191819279684.9485
2019-12-01,3699632899080.093,1878486383757.96,1241277624671.2397
2019-12-02,3506174151725.758,866335418172.74,953303184042.0339
2019-12-03,3835341831778.246,863057660088.31,1070886390084.9147
2019-12-04,3771086491952.0933,899408789179.42,1016662646761.5946
2019-12-05,3225184225420.38,1055187774153.97,1002875379620.6295
2019-12-06,3339493477578.3066,1036729488462.31,1091316355919.4292
2019-12-07,4360978849213.257,1477640922717.48,1300102024011.9766
2019-12-08,3594152491553.016,1464175744754.51,1108762950043.8586
2019-12-09,3616949561557.9883,808543475462.64,1049885188079.9241
2019-12-10,3820009089282.598,925835380304.78,965017215029.7683
2019-12-11,3459334088619.5957,893214427354.25,985376662297.4563
2019-12-12,3864655993280.0234,975875394363.9,831410492112.2639
2019-12-13,3266228912703.259,970797087210.03,961582602047.0514
2019-12-14,3613043823842.6157,1500025599360.91,1097052311406.9027
2019-12-15,3797066312392.984,1531580312097.52,1156724674360.707
2019-12-16,3780055319479.4,994252835148.77,947906695537.3759
2019-12-17,3607211053591.107,1105061566930.46,862805993083.936
2019-12-18,3622945530597.1294,1103172260587.88,
2019-12-19,3326888218439.6963,941613421124.67,
2019-12-20,3441924215046.569,1109952371753.02,895489614708.6375
2019-12-21,4069052773911.474,1432833115691.66,1029144242026.1523
2019-12-22,3790360058825.9497,1360558901329.41,994947391630.9008
2019-12-23,4051158969796.6826,902790930953.44,949285553732.1195
2019-12-24,3978061073492.36,872425641350.42,885937303377.6372
2019-12-25,3459477834628.3794,827062884719.17,1045308184870.4868
2019-12-26,3300199616143.2866,1210227201793.07,925697067944.2213
2019-12-27,3950638755145.5137,1093259883603.74,1003743782022.9316
2019-12-28,4290308411143.6875,1658781399669.1,1055427713960.5215
2019-12-29,4157180785499.0063,1519062514693.3,1141819529040.9949
2019-12-30,4167160295401.641,1257655905495.02,1034704972632.8539
2019-12-31,3419302680597.8677,1291735266000.78,827153438772.1465
2020-01-01,3118107450180.247,1255620286098.93,998839179998.0836
2020-01-02,3443124552168.2617,1156276992538.53,1025125686566.9717
2020-01-03,3711193277965.9478,1495860163769.69,1143549109235.9028
2020-01-04,4072821683855.791,1614328847934.42,1241096775497.2761
2020-01-05,4586096327966.642,1523613534248.5,1155757030913.6748
2020-01-06,4280863290612.18,1000404746165.97,1114688723845.9575
2020-01-07,3643798058891.089,886303165852.45,1010993638448.3844
2020-01-08,3613625408798.934,945684328530.36,1084265754202.3098
2020-01-09,3982970228855.2363,916629072913.64,1148328827713.831
2020-01-10,4158876695880.4775,1121506412840.17,1101286908439.0315
2020-01-11,4509040367010.032,1712115308255.91,1197729690463.471
2020-01-12,4264214937779.8535,1585685513665.03,1286496348235.3025
2020-01-13,4288129600901.313,1118926020007.59,985678574612.3054
2020-01-14,3715124314263.3027,963399156623.81,1048040373942.1638
2020-01-15,3883212539004.353,911234441824.88,1135728506409.4844
2020-01-16,3846306551216.782,1114417345011.79,1124457054947.775
2020-01-17,4153271275315.3286,1351197566719.74,1162744329830.4883
2020-01-18,4511149536725.185,1687308055807.26,1331384219285.024
2020-01-19,4439474211427.714,1614069675114.6,1264862010693.571
2020-01-20,4088236996521.723,1036944491003.76,1183306119578.8665
2020-01-21,4174559583670.869,919303751895.17,1153256981508.104
2020-01-22,4004530037758.667,963963925701.36,1162735638254.3542
2020-01-23,4132936851386.242,1051898319871.31,1217746736892.2324
2020-01-24,3712001386022.159,1184814155001.81,1102940128625.9124
2020-01-25,4021131441651.533,1762245345783.49,1555659716212.863
2020-01-26,4333392331967.728,2027882247326.39,1462803878237.3552
2020-01-27,4092222112333.0605,906242546097.31,1258615866035.0066
2020-01-28,3342776058945.44,797275993189.9,831003634677.7948
2020-01-29,5402617908369.882,1089032115444.88,1140881903483.634
2020-01-30,4260921047798.7104,892377545631.75,1065093859399.3086
2020-01-31,3359184131209.844,1048080254027.34,651401558485.706
2020-02-01,3528440238818.154,1277411371778.57,1137407116190.2947
2020-02-02,3676799707172.2783,1491703612521.95,1081745982155.2153
2020-02-03,4242392988176.8613,912529767149.08,909980641539.4441
2020-02-04,3980303493507.756,932388207400.5,1047878794025.5269
2020-02-05,3699193713703.3667,985696620886.32,1046519441395.7126
2020-02-06,3701828667809.024,1179485416557.09,1018488514406.9243
2020-02-07,4565398882346.856,1142423054082.17,1033146155760.9576
2020-02-08,3734855782181.926,1699162978361.32,1523260753834.7683
2020-02-09,4167303795697.639,2002448061630.67,1462753597901.4534
2020-02-10,4315686132687.174,1139809254067.1,1202764944482.094
2020-02-11,4416040865662.837,1037854250245.46,1051956887587.2675
2020-02-12,3810364701010.2007,930068906036.35,1014660864723.1967
2020-02-13,3762979552069.351,1285823949591.31,861248307864.8652
2020-02-14,4067941606153.262,1318887622092.48,901259481271.6069
2020-02-15,4289034735829.208,1870224929666.95,1140035641482.5664
2020-02-16,3959920999537.1016,2035426389812.38,1062358437192.4785
2020-02-17,4125684476427.1323,1451367199523.16,1099377913660.6515
2020-02-18,3855925965509.6636,1119558985442.22,1129640552350.9907
2020-02-19,4063491358704.7866,1029265191720.14,1259424682610.1382
2020-02-20,3680091525898.782,1097443933532.08,992107914183.4419
2020-02-21,3890439595193.6733,1213215978951.71,995157238409.2402
2020-02-22,4049940567884.6,1695967032359.52,1230326039262.172
2020-02-23,4348963391566.5903,1753749516467.88,1345890719086.5642
2020-02-24,4402327496500.078,1012711010497.34,1004010253452.185
2020-02-25,4284128122492.3413,1118127155488.25,898435186047.0822
2020-02-26,3961387688377.4043,1091074899203.4,919613627112.1633
2020-02-27,4087593216246.96,1141212823530.14,983073213491.3574
2020-02-28,3670822285759.994,1364878232934.03,1041973822255.4028
2020-02-29,3813366577687.0093,2248913002857.15,1261708992506.3958
2020-03-01,4239960886166.644,1950979250610.77,1255478754877.6575
2020-03-02,3822308969384.802,1064147317980.83,1009299390921.9612
2020-03-03,3990791477697.9165,921204965076.39,928289465778.8811
2020-03-04,3636142124768.1157,939400813933.65,991259011667.9297
2020-03-05,3602879386331.9663,1028889425933.7,941408953751.4705
2020-03-06,3675176306218.507,1116159033980.95,1210231024853.6152
2020-03-07,3849436991717.9053,1996958962269.33,1302868468574.803
2020-03-08,3799757641754.7524,1661357358651.89,1499322055765.7266
2020-03-09,3755862320925.106,1723013531399.6,1116360251714.6963
2020-03-10,3391902624371.047,1009333682911.07,1124109217226.4614
2020-03-11,3313578485307.118,1091190736768.5,998034582318.5483
2020-03-12,3432430080895.8403,1113723092191.63,1044513132870.6304
2020-03-13,3329286591642.285,1370739221081.08,1132404321443.8481
2020-03-14,3844660058283.4404,,1262436626911.4043
2020-03-15,4018483464742.0723,1719062265724.29,1263337754170.913
2020-03-16,3807923258756.1113,1200484183902.46,1075146766751.6649
2020-03-17,3755600857418.8296,,1112648649407.1074
2020-03-18,3667586265050.0776,1223497615808.38,1063428023993.758
2020-03-19,3582199076473.912,1199339658424.3,993499589043.2656
2020-03-20,3604506709855.395,1273818731300.59,1145968406080.1846
2020-03-21,3485137292882.3394,1776329828804.65,1384559699605.646
2020-03-22,4020729647475.1104,2551424761953.22,1546218695990.924
2020-03-23,3888104414209.407,,1180624136801.2886
2020-03-24,3724804993341.1616,1781513433635.96,1097890903283.1355
2020-03-25,3467602877729.78,1166878459290.14,1178262719511.0862
2020-03-26,3911050288880.535,1394873852537.35,1178798396581.4585
2020-03-27,3883095131847.0747,1326569158498.59,1342441736496.0977
2020-03-28,3967753523422.211,1984501635402.34,1581399927713.1465
2020-03-29,4185359776592.44,1943281420242.95,1444578842221.9868
2020-03-30,3809458814368.251,1563723265091.1,1162682288896.6357
2020-03-31,3519196397305.3228,1432374950267.65,1184761442321.2222
2020-04-01,3553371026934.6855,1429103332169.49,1189641540550.7383
2020-04-02,4053465362206.2896,1287430356464.34,1102807200833.4521
2020-04-03,4123109034970.9033,1326873976731.05,1356439974268.4922
2020-04-04,4361271237865.6826,1849608344274.32,1789272820263.9673
2020-04-05,4455404974875.468,1895322905114.87,1539033222575.9292
2020-04-06,4146732712698.4165,1412309550827.93,1032647435704.0494
2020-04-07,3571186309563.0605,1421208730110.13,1045350035224.5099
2020-04-08,3942301114776.1084,1400501247776.07,1105987346157.6787
2020-04-09,3718228476970.329,1437786887446.28,1029896026937.8898
2020-04-10,4156002351955.1294,1736664371171.92,1149110729764.4976
2020-04-11,4561104758291.269,1731072722347.41,1175739227876.9805
2020-04-12,4684761115314.159,1813014214604.13,1080471308665.9528
2020-04-13,4206746930805.096,1480130245387.6,
2020-04-14,4979218429602.656,1404858317380.44,1138248752099.9907
2020-04-15,3955033220700.6006,1370589563043.27,915386808676.5143
2020-04-16,3998535538466.1206,1515251305817.92,874160812919.2405
2020-04-17,3808287231405.4043,1540817128331.91,1073655374242.5089
2020-04-18,4354699595758.3706,1874112723304.95,1146238202158.6226
2020-04-19,4163532617692.666,1982662747371.99,1150884324600.9773
2020-04-20,4214139029431.345,1229265106712.04,
2020-04-21,3797923803543.486,1362629120645.34,1040959593996.8855
2020-04-22,4193110830037.101,1270236797160.26,1011085211058.193
2020-04-23,4005648505002.0537,1528074127795.76,977004606932.5746
2020-04-24,4235852443072.5405,1393956107796.28,1002716685176.4321
2020-04-25,4447114079826.649,1801651230551.13,1175398909297.648
2020-04-26,4352049490485.885,1947245605027.74,1142999320917.4119
2020-04-27,4462198311587.993,1243914078745.14,969718885636.2548
2020-04-28,4273443544871.677,1309908306929.1,997876805972.3654
2020-04-29,4456984719162.177,1137598965804.06,894218406412.03
2020-04-30,4426290491467.798,1212997907456.34,979733158139.4218
2020-05-01,4081872387236.94,2628857050285.77,1023446893740.6721
2020-05-02,4232041483991.12,1774686555515.27,1115853820641.8618
2020-05-03,4328086429324.921,1293776366727.16,991245947531.4946
2020-05-04,3621902794927.6777,1240422567540.86,845050338307.7378
2020-05-05,4516196354649.262,1304863482101.82,1059041060748.8353
2020-05-06,3894366139973.112,1168743122784.05,1047233459226.2677
2020-05-07,4217820347738.436,1183130932563.99,1014087786867.1508
2020-05-08,3645700009070.317,1280345787331.34,1034703931563.4907
2020-05-09,3803561936146.6416,1778356251125.22,1203213053338.5874
2020-05-10,4387147027152.215,1511691973906.61,1199517432120.5347
2020-05-11,4097123982259.172,1158674592230.68,953911217362.0881
2020-05-12,3681299583876.5923,1379121724799.29,999926907749.077
2020-05-13,3851444761240.9624,1277044287548.34,997849096600.9521
2020-05-14,3867258094134.6484,1214990479748.47,973304708503.2158
2020-05-15,4110693331798.187,1406611662238.35,1127199454842.0085
2020-05-16,3779007688653.456,2061847650331.67,1349908044481.1997
2020-05-17,4062461464824.9873,1555722834753.83,1174522382388.5122
2020-05-18,4087386297532.8496,1160831734564.48,979054333872.0354
2020-05-19,3874302159318.618,1108945857628.04,949782027579.9885
2020-05-20,3691394447452.768,1305710869345.45,1036057599818.3687
2020-05-21,3780749326389.3706,1366778461773.15,1021762028149.4075
2020-05-22,3902901090289.481,1356585297983.09,1112074509373.775
2020-05-23,4057486139904.7827,1680470619511.05,1218892272815.4915
2020-05-24,4203656052701.6797,1708427552246.83,808706252301.977
2020-05-25,3950575886972.696,1569590076774.84,752736752432.4186
2020-05-26,3660263185856.0312,1029219665079.46,784860269462.4076
2020-05-27,3530027353891.678,1076435635561.49,802253820434.1509
2020-05-28,3679053431494.3096,1340300175705.45,762050511376.7878
2020-05-29,3805557020944.009,1427134712996.07,913629158402.0244
2020-05-30,3777018649382.463,1614824587621.75,976903882873.4016
2020-05-31,3703966596802.984,1588685641984.27,994820258071.5657
2020-06-01,3794488877909.5522,950959433996.22,935011191317.9854
2020-06-02,3526404830906.3423,2394004834890.58,807445168008.1292
2020-06-03,3740758993377.3677,3910652360442.87,756945909198.8291
2020-06-04,3728504610662.2095,2319616201026.5,825501226265.6223
2020-06-05,3926100798558.296,2326804712712.29,758378237996.4385
2020-06-06,4180848889481.548,2240488395154.38,877218105335.4159
2020-06-07,3932171243031.724,2099642529135.47,871244177156.2723
2020-06-08,3704753504482.084,1249410799740.81,766091748580.6532
2020-06-09,3764571534023.8257,1181555231991.21,829763493295.5259
2020-06-10,3311009719879.482,1517616378566.12,789801918499.0911
2020-06-11,3366520333665.739,1048189359944.33,853419575165.1434
2020-06-12,3483985533248.197,1148151252678.24,880116870598.1223
2020-06-13,3385974406269.511,1513516311814.45,932188629250.7008
2020-06-14,3751225429093.176,1559297278174.14,870668248562.234
2020-06-15,3848552741922.365,1015711808902.09,850481194855.533
2020-06-16,3488059590487.1943,1109129552313.01,810777999153.9907
2020-06-17,3632143872517.793,995786576837.0,802739793161.9403
2020-06-18,3673322941133.49,1022430316255.45,796412457637.1947
2020-06-19,3718541315355.632,1289041438683.76,811311884091.7865
2020-06-20,3613469948754.477,1494171158196.77,906524924643.643
2020-06-21,4021708718218.1733,1527964775370.97,875818707688.9346
2020-06-22,3528148184986.1553,1494638472010.91,884385040971.93
2020-06-23,3771493185382.9976,968104238767.25,824699880469.063
2020-06-24,3721304274942.1763,1369127127885.77,742892491563.9573
2020-06-25,3749027722076.6606,985912616229.78,968563575052.9985
2020-06-26,3710516955950.0425,1076057262322.4,1153239224826.7031
2020-06-27,4099330122060.7383,1183364770713.85,1064999147871.4547
2020-06-28,3947819227061.371,1775481480174.26,1029134558025.7083
2020-06-29,3852965697942.2817,1031702449619.82,890517173628.3213
2020-06-30,3822959311097.866,1218846275511.19,859875396410.5349
2020-07-01,4054792346449.915,950869597113.02,825935082327.1041
2020-07-02,3921384906257.2827,957374283286.51,957643637986.292
2020-07-03,3921424658298.3057,1059114950220.52,846670963568.7881
2020-07-04,4210561272676.122,1320813416941.14,924612672489.2643
2020-07-05,4490017476534.111,1368645766076.35,792921085973.8383
2020-07-06,4004798239777.502,1040844475446.1,800149682817.9883
2020-07-07,3990425658972.185,1048324991007.71,800088699196.6836
2020-07-08,3837142117230.691,1077402098496.64,853098295375.6595
2020-07-09,4130695059116.6655,956314327546.83,944819027801.4369
2020-07-10,4248094475899.384,,870854119626.1311
2020-07-11,3641515211364.411,1407931080193.92,1053793060843.5276
2020-07-12,4054000139348.632,1450338462722.94,970772439442.1031
2020-07-13,3580117566688.354,1039069671965.67,1051732737027.5879
2020-07-14,3537054829828.544,1135197875773.32,1040571450658.3606
2020-07-15,3644986296538.2134,1016759621396.95,937183797859.4158
2020-07-16,4644521783797.678,1426215420325.8,1097870580270.3792
2020-07-17,3281044550152.874,940859126396.1,948445458651.6395
2020-07-18,3687065683233.5825,1645282492386.94,1088367689361.5115
2020-07-19,3652745642017.7275,1397127089076.56,1019501574422.447
2020-07-20,3697471229251.7114,1164692562907.48,1025843084559.319
2020-07-21,3568393827733.2695,995305879751.54,973318469204.2843
2020-07-22,3360512224465.6514,977622070729.67,951670148549.613
2020-07-23,3248552048628.291,834070963852.91,1187864857034.0361
2020-07-24,3083644286704.786,1010779816287.52,1026065255984.9897
2020-07-25,3324186159984.301,1255440603535.64,1256105477948.0789
2020-07-26,3387747780253.477,1253216273225.21,1022490669081.0236
2020-07-27,3264283095013.5728,882917929094.95,1020061728709.7277
2020-07-28,3258367111262.7554,982919366218.37,963251639476.3691
2020-07-29,3690989322471.592,889710551131.57,1070499860812.6973
2020-07-30,3041873010307.849,1216968905183.97,1171457475354.647
2020-07-31,2841423808071.9414,1029153031410.78,1069390753602.134
2020-08-01,3415657376550.7686,1495546008186.29,1193763043899.4753
2020-08-02,3407881078546.802,1437805122581.7,1033885397838.343
2020-08-03,3340716188343.086,928856423852.38,964581738188.3702
2020-08-04,3360043993184.761,1294402827960.86,1003618819525.5189
2020-08-05,3300579963848.7114,1215803872337.25,1003782632827.3064
2020-08-06,2920934025186.79,1717240630812.24,1301070122392.8955
2020-08-07,3271442167764.652,1029183299710.43,1238474985233.0068
2020-08-08,3162232519949.86,1224911127687.01,1105810318894.0762
2020-08-09,3508920749452.2173,1417413659948.6,986169303213.4579
2020-08-10,3532430710983.006,945344554294.39,1037613663920.8958
2020-08-11,3250841601142.75,1039625984894.48,1023927483405.5784
2020-08-12,3026579222553.9937,843108233898.98,
2020-08-13,2933891506660.767,834782028500.94,1021796658017.4906
2020-08-14,2990097297051.7607,1158030353333.57,954453732051.0173
2020-08-15,3216584216621.4165,1378576293280.67,1021562735085.0894
2020-08-16,3248980529038.1484,1197830405607.99,1080548327878.5583
2020-08-17,2832733334068.605,892414026635.96,961067529532.8505
2020-08-18,3036754898094.296,877797368861.32,986711972170.0042
2020-08-19,3072287991714.8394,989469011396.44,970962630882.9843
2020-08-20,2914004567361.345,1088902338905.83,936889690520.4208
2020-08-21,2925332174560.7446,1185038672341.32,970709491231.365
2020-08-22,2825142040993.6787,1476885434951.63,1059535420692.162
2020-08-23,3183311239619.2017,1535320981172.39,1053937737582.3328
2020-08-24,3440943486027.618,1020157945402.16,992144084249.4098
2020-08-25,3392072255821.2754,1093990990021.07,1041448720982.1777
2020-08-26,2950368787909.0205,1025949262041.2,985587142952.3108
2020-08-27,3401569142297.2515,1079426544126.9,989926107317.1228
2020-08-28,2769250376483.472,935015712053.74,972115877899.6472
2020-08-29,3104797952266.778,1291732470307.42,1011426746290.9891
2020-08-30,2984222663049.234,1274893170515.76,999264078618.5322
2020-08-31,3277417342683.4536,935865834462.5,1047533135733.1617
2020-09-01,3028857395851.6455,914453686859.46,968861464713.8696
2020-09-02,3131194051500.7573,915996802783.45,982348249994.7549
2020-09-03,3143307567780.2944,913587697718.57,919264482039.9192
2020-09-04,3041626160360.832,1370382711239.5,902583946392.6248
2020-09-05,2818265752131.872,1191781549798.92,1011109389667.4873
2020-09-06,3170007900967.274,1429688251416.84,957308173531.3044
2020-09-07,2882520534383.2856,993920488726.51,1074648187901.2247
2020-09-08,3069155724070.45,798075870673.75,943821112165.3243
2020-09-09,3258867672884.3887,827207109165.02,927234901033.3678
2020-09-10,3550209700693.045,899916658469.79,1006245795542.4237
2020-09-11,2663127417384.146,944408626188.8,942753003008.1514
2020-09-12,3199261094888.8716,1129617008333.23,1018791126004.922
2020-09-13,3469714539992.971,1176605523779.23,961084531706.543
2020-09-14,3357813008664.5464,1209839894640.61,902952366599.6022
2020-09-15,3202097066385.708,964630323184.5,919174364361.1707
2020-09-16,2938661538458.6714,960075213269.64,1008402033807.195
2020-09-17,3352020257993.683,947794331161.81,902570078637.4525
2020-09-18,2865588769220.812,1010537664956.12,929319689013.7484
2020-09-19,3022016841725.6577,1070846842728.14,1041261611760.037
2020-09-20,3564385385616.842,1542727598974.83,1015456574682.3651
2020-09-21,2903170169876.7886,1113424867896.68,558112119208.5929
2020-09-22,2964071096507.3696,919188520978.85,674701362503.7322
2020-09-23,2970248745018.65,1240392610461.63,903229720122.1243
2020-09-24,2984461716187.429,1858516817464.99,852927005536.5363
2020-09-25,2965953103407.5107,983379499434.72,943569340815.0884
2020-09-26,3474429852324.996,1168175819750.91,1061376927105.1083
2020-09-27,3271622946628.9326,1471499021780.95,1016849274988.2134
2020-09-28,3442928143349.1274,1195787189005.29,953140222378.8771
2020-09-29,3161877262321.019,1050485011236.64,1127778416879.64
2020-09-30,3153255899922.382,877850980095.74,1032683693545.0359
2020-10-01,2933021724874.047,953147589230.61,1147996631375.0818
2020-10-02,3060426450669.193,967565858342.6,1155919882145.7075
2020-10-03,3091530945961.3335,1495457546662.2,1097360886090.0122
2020-10-04,2955218129372.901,1220950518270.97,1127252031191.2407
2020-10-05,3017439885071.85,1988968076029.63,981645347445.9706
2020-10-06,2712510179656.945,1778806775739.77,975091591598.1584
2020-10-07,2685145309005.212,2024646085935.28,1030625231891.6339
2020-10-08,3371567530321.323,1236651276619.39,1100573724662.8093
2020-10-09,3752854054401.8794,987073479230.67,
2020-10-10,3134547164102.3926,1343767294063.15,1155609183810.819
2020-10-11,3192979653342.269,1968286383593.08,1185842377828.1743
2020-10-12,3459381507516.195,1077210608786.82,1114482328488.2268
2020-10-13,3117662925465.691,1045550848625.24,976799982152.648
2020-10-14,2960457564354.1973,908172027775.15,857105736884.1344
2020-10-15,3261144293229.624,4375507236333.39,879192914623.4336
2020-10-16,3122714050397.2183,1591681395127.55,840244687324.1136
2020-10-17,3251300166273.397,1737491694987.12,915716401708.4048
2020-10-18,3736148155087.728,1335858135863.81,949506940079.2882
2020-10-19,3428797317797.896,1004287754845.75,880505271777.7135
2020-10-20,3287328642856.7456,855621243136.67,892312006737.7181
2020-10-21,3314369282281.187,971905364160.51,833008228905.3623
2020-10-22,3490387766201.3647,1104681389906.52,940401722850.1301
2020-10-23,3723598876715.595,986792449868.15,825494892558.8301
2020-10-24,3292168263555.009,1431728745878.71,931569872700.3893
2020-10-25,3538149037970.3013,1619221745250.96,918776286529.6945
2020-10-26,3643601021317.0234,945794975990.81,888704726942.9956
2020-10-27,3442027625047.1914,1133931775138.83,914087327683.1628
2020-10-28,3062790902828.989,1075963980768.42,849795355411.6974
2020-10-29,2926968671221.9307,1036037236291.42,778629071666.0569
2020-10-30,3363855363370.386,1189163356997.42,777931684373.1066
2020-10-31,3043835239856.423,1423859935412.61,859574058630.0686
2020-11-01,3392251308284.05,1666561262893.88,873465820350.8535
2020-11-02,3291658464355.433,1184043165687.61,596195001823.9005
2020-11-03,2990921572553.5806,987960491152.24,830412796771.9467
2020-11-04,3033143900889.8926,1302999315867.17,777156888581.086
2020-11-05,2829313906577.716,1163944141026.95,930080989263.6602
2020-11-06,2929934062861.299,1212345304657.51,842274983524.3221
2020-11-07,3365671198192.8955,1626136275840.72,905962149110.3273
2020-11-08,3570969197581.8965,1527649316687.46,950692353388.2134
2020-11-09,3032240128373.01,1055841456091.98,786752433242.666
2020-11-10,2881474064896.3984,1060087239631.13,758487871761.2772
2020-11-11,3224974927955.5957,1186776082453.86,785613926930.6864
2020-11-12,3413741937203.4688,1068439534334.96,839826354489.738
2020-11-13,3545904398314.5947,1305212242210.8,762769494061.2996
2020-11-14,3520316996699.7515,1496975844780.46,944586296490.6904
2020-11-15,3335494830365.2065,1387904669037.38,1016477919407.6189
2020-11-16,2844623307488.205,994936717661.46,850432386522.4601
2020-11-17,3022667494306.4507,1153895280309.5,929984263658.4065
2020-11-18,3051015793863.1855,1361966885494.67,824630273072.0563
2020-11-19,2982310536807.636,1175333282215.67,830559810183.0289
2020-11-20,3103329251385.7314,1318283969456.36,866386009702.9387
2020-11-21,3474130879524.495,1727797033714.16,815482342251.7848
2020-11-22,3295842528078.6553,2175785797145.66,847733548542.3876
2020-11-23,3067329883303.0884,1025353062832.47,789138285965.7362
2020-11-24,3237934428926.6562,1055715182917.21,887515620042.6326
2020-11-25,2924504480203.5444,972162092521.29,777972769722.3761
2020-11-26,3059229421766.919,1125529978282.74,726461650373.5046
2020-11-27,2599446858440.197,1395773505911.34,779091896762.706
2020-11-28,2934708264538.5986,1369384677033.26,809758446428.1226
2020-11-29,3227581289415.757,1289570196429.28,832681126699.948
2020-11-30,3284298645355.2715,1004744315202.51,746024689291.124
2020-12-01,2845540080608.4517,808987738234.95,796012964000.8693
2020-12-02,2934152620322.75,1031042706356.03,755155686780.627
2020-12-03,2819514842677.468,966353849475.95,
2020-12-04,2851668883003.9487,1117647539170.64,
2020-12-05,2978329057382.292,1451324320341.18,827553381700.3165
2020-12-06,2860732823093.946,1326520537855.6,810683258441.2402
2020-12-07,3137692709055.677,1089724676081.35,722270748258.1821
2020-12-08,2971190224332.4893,968491516856.05,729128061548.1715
2020-12-09,3033071400277.84,823520178316.53,717349979793.1654
2020-12-10,2702758406627.601,807729953507.09,692211010851.6165
2020-12-11,2623022192835.5054,982361936524.83,675296386943.9506
2020-12-12,2655452649638.9053,1333362049000.39,752169624438.6222
2020-12-13,2925156591948.0474,1174569565423.57,637841943076.9962
2020-12-14,2770191869891.1587,902302432514.21,633611805742.05
2020-12-15,2804958032067.263,983473537166.52,658325244557.912
2020-12-16,3005108231230.505,1084291319658.83,717629922559.6692
2020-12-17,2526437674028.0127,1085364460783.14,715640658415.6276
2020-12-18,2655527822908.833,1004688565465.19,652255196867.859
2020-12-19,2446972543874.302,1287492334878.74,697210468711.9225
2020-12-20,3320789971285.8447,1462006595893.85,737860066805.3622
2020-12-21,2811829069900.6978,1155403693706.04,642261532826.4556
2020-12-22,3101101650392.0933,980552962210.54,696957939290.9896
2020-12-23,2934021866516.571,1087208590325.25,678395966127.5199
2020-12-24,2693533979445.1836,1350934400888.57,664760768387.029
2020-12-25,2611424727998.8545,880484189218.47,624734942449.3856
2020-12-26,3120256537276.072,1115213987229.89,
2020-12-27,2943407852301.1836,1141868824372.31,818687208468.5338
2020-12-28,2922641383423.95,1130284697819.36,685909394853.2322
2020-12-29,2906072591561.731,1019251049741.1,728992636250.4789
2020-12-30,3408671575160.9033,1189788701459.68,707231936288.9307
2020-12-31,2601548595319.968,23256440208666.16,615225850367.3679
2021-01-01,2749279442070.4795,1406464341419.33,647337320649.8322
2021-01-02,3549253385695.8223,1877331569733.25,803346554024.2969
2021-01-03,3250789386237.2544,15352185000804.89,732191710194.7478
2021-01-04,3094249685549.645,1097837408888.56,702658900695.8611
2021-01-05,2887563841457.642,1043035413311.01,744992780925.2708
2021-01-06,2663055145709.7153,1159550261223.4,741706776711.0287
2021-01-07,2912837810240.1357,1059936963349.32,750097886277.642
2021-01-08,3056885972375.4146,1426314932957.23,804606907541.8187
2021-01-09,3021332280057.516,1358198214084.11,845754900429.4375
2021-01-10,3008943843166.9014,1812179271696.67,767774776148.449
2021-01-11,2979725210747.899,979871430142.66,783856696565.0216
2021-01-12,3095260054299.7734,1022391380429.7,737069907391.7856
2021-01-13,2938921382910.94,970673770654.1,754615419478.455
2021-01-14,3219968278531.768,1091631509666.98,773936833144.3517
2021-01-15,2795537880486.9863,1096731622614.2,771651938106.221
2021-01-16,3032537664257.031,1519167801750.85,805218245415.5134
2021-01-17,3731090191488.8857,1352874578931.41,766838326643.0015
2021-01-18,3084654372654.415,1142655959148.71,785740109411.4829
2021-01-19,2991720072307.043,1018277731780.16,785790262739.362
2021-01-20,2894549473260.729,1419754231954.49,781077802693.4792
2021-01-21,2919236122125.303,1002053700395.63,731705868944.6122
2021-01-22,2917804226823.464,984252538396.65,744255511574.1989
2021-01-23,2856379648948.925,1526832309625.81,791936252937.3762
2021-01-24,3240886385160.8975,1456708651581.59,816383850819.2661
2021-01-25,3271993562811.8774,1178413323500.53,
2021-01-26,3212979608022.0366,1277767590496.57,
2021-01-27,3193949316609.3105,3427343728950.17,749181167559.3292
2021-01-28,3169627311081.9194,1169290249569.46,773707149463.5594
2021-01-29,3341683414568.406,1156666231673.14,762192274121.7284
2021-01-30,3366159486546.991,1539563390129.03,813097018057.2228
2021-01-31,3247094332342.7827,1772989255458.14,833149173543.5267
2021-02-01,3290293915866.1187,1242266256876.77,781405740637.5388
2021-02-02,3594340224477.714,1212552788599.35,768893311711.5818
2021-02-03,3103376745183.879,951031246624.72,706227678762.781
2021-02-04,2915573195244.3994,1123130823093.41,778745921131.9784
2021-02-05,2735186741553.8213,1205945416036.06,
2021-02-06,2909862168817.627,1543604649935.75,740400763694.615
2021-02-07,3345181347897.8076,1713701253033.85,756924264872.483
2021-02-08,3175926348659.706,1201799228908.41,
2021-02-09,3393281407942.228,1135106072733.65,737558016549.7935
2021-02-10,3199603370412.0625,1227630317621.56,736428080514.4525
2021-02-11,3181072216039.161,1220435920394.07,693354480564.602
2021-02-12,2971179726103.9736,1458645560683.14,702396972058.047
2021-02-13,3047818215481.5737,1723764158241.05,772238195226.1495
2021-02-14,3213650420647.4043,1653591858798.75,747290966089.4064
2021-02-15,3243252359017.176,1188468174883.55,754805424901.0968
2021-02-16,3000609034871.831,1100505059714.05,779172656526.394
2021-02-17,3021838561431.5117,1435970192929.42,737028588576.9974
2021-02-18,2953362158472.981,1440176930775.33,771622735026.6194
2021-02-19,2697874103195.83,1179492441797.41,704042306318.3875
2021-02-20,3063904610336.84,1280857360179.88,751537355439.4291
2021-02-21,3181832476230.2075,1821046436542.2,734973698361.6879
2021-02-22,3228449732171.9683,1361236112144.65,810045904476.6376
2021-02-23,3284053110965.582,1157296878697.51,833105850538.8014
2021-02-24,3074941311729.22,1250296593397.52,813851073356.9043
2021-02-25,3100135321007.96,1186566722342.95,783717256478.6277
2021-02-26,3053121260941.612,1268694926626.89,772729535089.4344
2021-02-27,3268137131924.276,1529333121948.67,841724056788.2301
2021-02-28,3524561341738.2544,1584226332942.01,816541767976.0945
2021-03-01,3708259265264.621,1070967306721.93,822993502302.8298
2021-03-02,3215143329387.415,1196444329279.2,804669949038.1042
2021-03-03,3165897541887.8003,1345944674966.22,749037828919.4456
2021-03-04,2833796939372.453,1050561347557.57,752371718695.6243
2021-03-05,3241335965986.8564,1266530124579.48,742186019617.8041
2021-03-06,3388518005327.7095,1880419431444.14,844058268941.4996
2021-03-07,3263513986570.649,1753368021339.2,917169595492.3297
2021-03-08,3478236223841.772,1095149168888.74,773585017261.084
2021-03-09,3389468081121.522,1045643318015.13,787572819448.6874
2021-03-10,2954278343406.332,1269798172026.84,828905121234.2039
2021-03-11,3256114392507.7046,1188945616357.82,808592036872.79
2021-03-12,2994149986996.086,1410129082699.3,823301154682.2422
2021-03-13,3301515609999.136,1740502377234.01,879333915235.8634
2021-03-14,3265451022265.2363,1738687335143.42,835840169691.5334
2021-03-15,3479377973850.1235,1445310656973.42,814649179947.3075
2021-03-16,3077089520522.536,1306110910542.81,890716904848.3628
2021-03-17,3141445700704.7944,1112007734039.5,881184030975.8138
2021-03-18,3290980307185.041,1241129577524.86,807380650474.8528
2021-03-19,2939929539442.6035,1360858051302.24,839236956119.3074
2021-03-20,3223059548465.2793,1447366766581.84,817715057749.7113
2021-03-21,3702354165203.187,1546057383815.49,856235892317.8231
2021-03-22,3302425870305.174,1335430036799.72,764512814479.1013
2021-03-23,3069626923195.043,1476627574111.98,850644550450.3318
2021-03-24,3415230988082.984,1198541538141.28,850285992845.0503
2021-03-25,3119894656558.713,1026714934561.76,843385389953.8903
2021-03-26,3434025476179.482,1309352758631.26,810382977391.2006
2021-03-27,4116909458289.508,1456846977543.41,917207136415.3732
2021-03-28,4255150006794.285,1762502105496.2,934290212307.1746
2021-03-29,6000505123320.871,1483439238413.2,851147621494.2091
2021-03-30,3725662134774.56,1387731956122.89,868461957415.7831
2021-03-31,3753427182991.6606,1061102668627.13,903443674939.802
2021-04-01,3936410596254.192,1170602020751.45,
2021-04-02,3507466796809.585,1304513506079.96,
2021-04-03,4162002744967.2637,1497192175612.77,981184707081.5319
2021-04-04,4304194511318.6787,1289915608018.34,923298346227.2931
2021-04-05,4476398177114.94,983995350059.45,992190141758.9557
2021-04-06,4042284967490.4243,1909865844329.25,920877258484.2102
2021-04-07,4192625200289.794,1024436349142.88,922986435395.263
2021-04-08,3828931451454.368,1069167120937.76,936535447420.837
2021-04-09,4298007921582.3325,1106748569051.5,939143677816.6879
2021-04-10,4547502973055.036,1427425426711.06,1055709912081.1318
2021-04-11,4430930048241.415,1463702893925.46,1039241686011.4141
2021-04-12,4595312653666.991,1049573723779.11,1003558636968.1179
2021-04-13,4381362525395.0234,1152087264951.62,1021715936451.582
2021-04-14,4053976995549.009,824447330370.13,1009886515481.6233
2021-04-15,4322277376541.993,905683297016.41,1040866912438.1521
2021-04-16,4112348183801.0195,1024340730913.01,1038514078060.977
2021-04-17,4361805687217.663,1401910831562.53,1141610439916.1672
2021-04-18,4646459328155.812,1291107874904.62,1124365656970.721
2021-04-19,4667634142833.396,878274196429.53,944294999428.0214
2021-04-20,4178406570665.8276,971502756752.63,1146788229207.6958
2021-04-21,3909826624072.837,994519998140.64,1145892382329.8125
2021-04-22,3923012455803.317,1047883653587.79,1241712699944.259
2021-04-23,4527687259906.009,1234152590407.17,1130912139959.5884
2021-04-24,4463774957019.882,1361938974678.05,1225032719526.3271
2021-04-25,5712575847044.088,1103691195032.3,1173384359455.3147
2021-04-26,5012933762950.739,909764969328.2,1166210794474.0942
2021-04-27,5106552128312.615,998586778811.84,1238575785238.25
2021-04-28,3680153481592.9883,1065239061775.02,1243200529130.6335
2021-04-29,4038780102600.0347,886251815279.61,1272797795131.5347
2021-04-30,4505015179209.393,917459759229.43,1208505266288.603
2021-05-01,3812483236732.88,1185869767127.67,1273070727564.8687
2021-05-02,4348629750832.4473,1228495727652.88,1216097233091.5344
2021-05-03,3754773023600.058,935197712388.39,1124761133790.293
2021-05-04,3466997938114.048,910008902750.03,1137022590798.9058
2021-05-05,3159019578322.344,1042438861547.34,1133075859654.6108
2021-05-06,3345844496473.9526,947828548327.89,1107978389425.6702
2021-05-07,2967963160657.1616,1141458320715.64,1081623199137.0288
2021-05-08,3211256155199.596,1173761660971.86,1227164539958.537
2021-05-09,3042382324557.5854,1023664981494.36,1069835672850.3092
2021-05-10,3240380501944.913,1020556965030.76,1211480764530.009
2021-05-11,2861766933369.114,903543081769.15,1111912523271.7844
2021-05-12,2680716779487.7275,757956714127.92,1194375097162.5308
2021-05-13,2795833409664.463,962959797003.77,1162530711176.5137
2021-05-14,2739636436980.6885,901397968348.18,1043278573287.7711
2021-05-15,2720371639482.0337,1398219009043.73,1073807690214.3287
2021-05-16,3118718590369.5,1288541649210.98,1054342805679.949
2021-05-17,2798300924161.5557,867620628238.82,1063801255727.8264
2021-05-18,3149973772819.44,1109679425416.1,1054004066017.4348
2021-05-19,2724256935235.514,854972510859.62,1010726699863.6677
2021-05-20,2691860408839.386,930383441631.59,943866104085.0459
2021-05-21,2517528535979.706,948631196593.68,1009638800815.7689
2021-05-22,2533796812941.942,1369435449078.77,1068274341925.4657
2021-05-23,3158977124904.198,1275258497787.01,1028760133313.9617
2021-05-24,2923052274812.223,1024242718014.96,983712231156.6188
2021-05-25,3158559320436.7837,760442670847.65,1034559492393.4773
2021-05-26,2768871626086.3135,918812844847.32,1008837271486.8774
2021-05-27,3017024661201.3086,757012068997.04,1022671575028.7303
2021-05-28,2772682169887.2495,1069030506226.49,1012741440861.1216
2021-05-29,2769906306151.989,1033583389074.27,1096343075921.934
2021-05-30,2831428323696.9224,1049771965746.64,1042173529099.0123
2021-05-31,2594526743445.3916,829140519079.92,998783382302.3115
2021-06-01,2468048617418.806,815747698251.55,933922908940.4965
2021-06-02,2347983811601.0273,714453769819.93,975875123757.2345
2021-06-03,2422925719607.9697,815205644617.61,1000441076139.1733
2021-06-04,2307423329950.444,895665189593.47,1002082543562.2366
2021-06-05,2496287900728.9834,1419208591557.89,1058913771710.9749
2021-06-06,2634356839290.6606,1173477982004.29,1041924392780.4406
2021-06-07,2522329760732.3257,864037661774.82,957771102301.3898
2021-06-08,2327462961593.9546,948549657151.08,930461766575.6465
2021-06-09,2288120408351.5234,891491489106.99,996368709405.8798
2021-06-10,2295193939229.652,853419683119.29,876650492063.5806
2021-06-11,2630826154475.8867,1091748593562.01,910888614627.8633
2021-06-12,2618398629963.825,1174802298407.93,1100557854614.0815
2021-06-13,3016245481567.3164,1212985849484.57,948025545292.5828
2021-06-14,2733879323345.59,795899620521.63,918213611295.3721
2021-06-15,2359683200366.0527,688433345889.0,846736786671.1833
2021-06-16,2377254542670.201,703461919412.55,854623839807.3844
2021-06-17,2135037571083.236,785266321696.31,890347218358.8655
2021-06-18,2336204993076.965,888778664667.66,898136076303.6499
2021-06-19,2369317693040.106,1046094177402.03,995585882473.3734
2021-06-20,2293033700985.1885,1017653643859.06,887333497353.0759
2021-06-21,2435589872078.587,727124271006.43,850535230579.082
2021-06-22,2415943763123.1016,757552870130.89,867116293521.7373
2021-06-23,1979673402019.7617,756914846999.98,822330355418.87
2021-06-24,2323676707903.4224,773827569366.42,809615936038.2526
2021-06-25,2615727679458.1074,760992859280.52,826275094932.027
2021-06-26,2380763041153.6875,875693827364.33,1013600523230.6428
2021-06-27,2485877741681.457,1088418892830.89,901967668583.2909
2021-06-28,2522981536186.2056,777907393195.63,823657855657.5696
2021-06-29,2106049443598.8225,855723747095.86,794962590141.9591
2021-06-30,2275979379004.5576,798995357613.7,813292019673.8595
2021-07-01,2352366892836.483,796734966202.02,736215262206.7494
2021-07-02,2469331516083.52,811727299224.07,722729781959.6113
2021-07-03,2224741858069.356,956680076838.03,836992276814.4779
2021-07-04,2330589719469.414,911422479712.6,766383546578.5908
2021-07-05,2055536788415.3594,750260271502.61,714205801058.0767
2021-07-06,2151736110867.0444,749870322000.27,716861634850.0455
2021-07-07,1965878625530.7866,664419475469.54,672451463790.1992
2021-07-08,1966220370468.157,742608851367.65,644486625580.9688
2021-07-09,2394476798139.225,752440722020.03,681740008577.9049
2021-07-10,2454567199843.628,840409642702.3,721492584924.6769
2021-07-11,2321344199464.344,1046685780209.84,713214054905.5476
2021-07-12,2125039671550.0027,677405787736.16,694595556673.6373
2021-07-13,2300438687068.849,699433978278.37,711958920021.5265
2021-07-14,2086984218218.5828,846656636130.35,701144249320.7573
2021-07-15,2037557290987.4397,772226214551.39,672704824148.8236
2021-07-16,2232389208250.8145,775225161756.28,685022092059.27
2021-07-17,2255086600285.8643,985473365057.35,830513315074.8352
2021-07-18,2225257729074.393,1028707970808.08,697254590339.1047
2021-07-19,2220333278462.3965,923129047892.83,693311124249.3904
2021-07-20,1954732279203.2415,862959141388.89,684325613721.2844
2021-07-21,2053572808713.4236,707132349703.51,753001072950.7324
2021-07-22,2049631522218.4243,785555249090.41,614578347303.9053
2021-07-23,2247502549275.186,950474513632.12,753789053942.4569
2021-07-24,2186449686333.8237,993983630534.93,790579823904.9827
2021-07-25,2150706373747.302,1011794330412.12,716282551797.9037
2021-07-26,2593922308490.5454,707150637151.23,732492509833.4368
2021-07-27,2551778775851.891,723223577618.85,713870814654.8115
2021-07-28,2933451476575.4106,726352124430.93,742844200207.4575
2021-07-29,2539646248162.2505,1399766639707.46,701463072078.302
2021-07-30,2695255804422.4062,891131469211.6,740799592751.1324
2021-07-31,2441007519278.218,1067132536012.61,859319798474.8657
2021-08-01,2569620885156.263,1188260509680.4,757737965706.9045
2021-08-02,2487931017392.996,949193593561.56,667316113390.571
2021-08-03,2200969108815.813,1167349289225.99,679709555219.6183
2021-08-04,2199149893997.829,988464792755.39,674419812372.2284
2021-08-05,2289449537904.9536,1050606792039.49,646153799045.5892
2021-08-06,2300703308934.979,1069434617244.06,689046984632.0192
2021-08-07,2331258233425.7764,1295198903501.94,800941744894.1653
2021-08-08,2470328094794.907,1351309077465.07,717573178104.7545
2021-08-09,2270671682507.5996,1022252848550.41,732731884788.8221
2021-08-10,2289215198091.9424,1248006857912.12,722501408438.1482
2021-08-11,2326163713191.379,1926842717432.71,721150643561.0706
2021-08-12,2409093366064.6855,1470478846666.73,716340139212.7256
2021-08-13,2490124455952.1865,1104669689661.46,737659973312.8373
2021-08-14,2346484747898.0786,1229108876567.02,845852596518.4631
2021-08-15,2557030136639.1055,1246631414709.73,794465523954.0205
2021-08-16,2838367891856.6177,1052227652469.5,766806801610.6128
2021-08-17,2263549959408.534,975603798772.72,828979988806.9169
2021-08-18,2490550193491.9756,1119308532051.72,763243362194.1523
2021-08-19,2596227487457.49,977269143003.34,790090857519.5431
2021-08-20,2842020731681.2666,963907915556.1,846743031337.9749
2021-08-21,2699255423197.576,1186204862692.5,957711923795.9331
2021-08-22,2550020502211.957,1229889194873.76,923600579401.13
2021-08-23,2665973156738.9697,927331973006.89,855509145080.0264
2021-08-24,2680355695781.7544,1316848990624.73,663599505893.5403
2021-08-25,2474859925467.313,892939424577.36,810587287513.5698
2021-08-26,2558181426494.9424,1002897706326.4,787019054688.1819
2021-08-27,3001137581338.7183,909948110677.79,812845029327.6659
2021-08-28,2771803501715.566,1294494891214.74,878597435947.3215
2021-08-29,2655905531427.229,1361292717513.72,869292133003.728
2021-08-30,2960684550182.247,1009188961547.55,893538047513.8807
2021-08-31,2599208574312.5234,850488588019.65,841539862490.4827
2021-09-01,2571068463492.3335,967248990168.59,821664518723.4292
2021-09-02,2428226138311.7544,791732870092.45,781561076586.1212
2021-09-03,2787873392850.05,965442348380.71,882784232658.7028
2021-09-04,2996427652829.0264,1198729139401.18,911880975119.0426
2021-09-05,3057846295493.309,1003992740123.07,860922601098.1246
2021-09-06,2311343493193.457,961221878915.31,871462546456.705
2021-09-07,2563936133744.324,959305125410.89,846915974027.5377
2021-09-08,2510575626879.61,880161544923.89,1337486551575.3389
2021-09-09,2929090874420.4062,948113488806.33,917047171091.6941
2021-09-10,2663701269211.8774,1160563312027.72,1783371560051.1755
2021-09-11,2695510666167.323,1417954533191.48,1048916029248.5322
2021-09-12,3055979674435.533,1224786633327.83,1266028609439.0203
2021-09-13,2674111931236.3633,866787802310.1,2026939290773.0205
2021-09-14,2416302553391.599,876979129354.1,1483838922111.841
2021-09-15,2430107238097.4946,832437552450.25,1463938861418.8018
2021-09-16,2506136844145.2344,909089481441.53,1151403531009.618
2021-09-17,2763274994515.7373,1744478382116.81,1541820658376.4653
2021-09-18,2549367024103.349,1119037737228.26,2166996869526.4219
2021-09-19,2987565753449.7656,1193722075981.69,1181367359120.7786
2021-09-20,2823582620556.383,1051561180826.2,1198083545014.88
2021-09-21,2661237500064.638,1055491786118.24,1238565632138.8928
2021-09-22,2689116153420.4,899442968958.77,1198834501388.1045
2021-09-23,2685359100486.8267,769297210815.54,964086738997.3024
2021-09-24,2880962399048.512,884073478177.06,1085212901519.003
2021-09-25,2884569942305.057,1260014059648.37,1297715612874.4055
2021-09-26,2802146603814.0146,1424541708602.84,978986441006.3962
2021-09-27,2765794366123.193,843746302897.58,989547871191.7437
2021-09-28,2766990841666.395,876170489600.08,915345865048.4949
2021-09-29,2530065577270.439,821693847351.37,918373872530.1497
2021-09-30,2436602215119.126,770707257508.54,816273111505.3064
2021-10-01,2564957836801.58,942507293097.01,962813329022.7466
2021-10-02,2799181997572.5796,997442565782.4,1195675387875.0527
2021-10-03,2777196454488.0415,1178724374811.11,1149833909450.746
2021-10-04,2523038842355.4546,903373914586.32,1249179136199.629
2021-10-05,2501925315744.0464,922737649037.76,1625201905256.115
2021-10-06,2722085152238.956,828865650426.3,1598977363567.4863
2021-10-07,2527128104192.547,873443602037.63,1547302757517.302
2021-10-08,2383676624815.1304,911584325826.45,1475536034727.1494
2021-10-09,2634661832348.9746,1121114233665.45,1710053542379.3228
2021-10-10,2606808371551.3447,1196339290112.63,1682618091272.756
2021-10-11,2170906165404.3047,849644352808.82,1653693889895.9531
2021-10-12,2389032945286.061,910975941945.79,1571902495468.9443
2021-10-13,2408658294503.9746,803332096643.44,2257884348401.1357
2021-10-14,2468239479297.3325,906777777367.14,1516798576626.3381
2021-10-15,2395317884019.704,918852120115.62,2021503666507.6394
2021-10-16,2536209641509.479,1415238298368.63,2622839109962.742
2021-10-17,2737709111182.301,1320487731302.51,1537352764737.939
2021-10-18,2510587193352.581,870681538559.12,1512800067267.647
2021-10-19,2502108507482.2964,887234719251.32,1387514031494.3293
2021-10-20,2375819454348.405,780866248917.37,1384118198940.0654
2021-10-21,2313859381704.0547,827624888805.62,888800809901.9404
2021-10-22,2454279795432.9575,1047876815649.35,1756084422261.4956
2021-10-23,2392205705577.3735,1121687613293.42,1930698242693.8323
2021-10-24,2444835072653.1064,1191232100525.06,1338712112221.1172
2021-10-25,2459429151429.0034,862700752463.3,1612572253450.351
2021-10-26,2684012304290.6484,911925367589.44,1959643195182.663
2021-10-27,2144757901072.8967,866326351666.13,2101741960939.8623
2021-10-28,2109650557390.913,1118956949783.54,1495482416011.55
2021-10-29,2354885658506.966,995701039052.95,1340476544286.8413
2021-10-30,2405011809991.0005,1259638431751.93,1769675191704.6401
2021-10-31,2647035544652.3164,1248789091413.71,1081017287896.6437
2021-11-01,2534290751739.5854,1017774713346.46,1420626387305.9644
2021-11-02,2323517377165.0566,961210404509.18,1194213832327.7144
2021-11-03,2338390561783.0376,935423728819.91,1654423109776.8755
2021-11-04,2207304396544.9873,945360682546.12,997337965642.6533
2021-11-05,2518426351262.639,970824968022.25,1656347565091.889
2021-11-06,2435984250808.077,1460004591196.46,2551434381333.1504
2021-11-07,2673166543155.7134,1386319398142.29,1556937797887.7903
2021-11-08,2267632753517.896,1134258262737.67,1602260335853.6565
2021-11-09,2261617025170.593,876060227604.59,1807269093625.1748
2021-11-10,2465863456481.016,789451072155.89,1751037791935.3982
2021-11-11,2334155805644.6885,886895215002.71,1708796402759.3628
2021-11-12,2538897532741.0327,1106085270209.46,1394772826830.318
2021-11-13,2490330171265.199,1294115613677.23,1538446212008.376
2021-11-14,2548002283899.0474,1468164536717.55,1428068323697.3066
2021-11-15,2711880782309.6045,767517611431.63,1180646038024.138
2021-11-16,2604448991381.8423,883725694139.8,1059218618176.659
2021-11-17,2549912052767.6665,912264331395.13,1162228451131.5713
2021-11-18,2362949414820.08,787997556621.12,1130520146862.299
2021-11-19,2776508339288.497,863084502189.67,1135145187213.0596
2021-11-20,2592829534532.2515,1274941556837.75,1647594071055.4165
2021-11-21,2890157258173.204,1135828171081.8,998163411436.0353
2021-11-22,2541693140810.7437,799790041792.24,1143464633728.8237
2021-11-23,2456213632843.9272,834524332151.11,1157233083049.7605
2021-11-24,2397864610631.0137,785949511644.26,1048681146720.3079
2021-11-25,2302303458393.0903,881694200613.19,844436870495.5864
2021-11-26,2773910456930.521,996436519339.45,1204244571399.3958
2021-11-27,2683198544640.58,1325301922450.52,1317069813516.309
2021-11-28,2712949850483.953,1332060995067.84,1242647964166.871
2021-11-29,2486653810208.167,801856884298.45,1071092780267.1171
2021-11-30,2551725858435.721,783891824513.48,1088052916859.5829
2021-12-01,2610767994868.413,768253398248.79,478988086098.4292
2021-12-02,2549006812216.9233,789797079811.92,931685787805.4956
2021-12-03,2437975502268.836,942809403248.94,1039797983333.6309
2021-12-04,2345505064347.0225,1249725831674.01,1103354484410.309
2021-12-05,2813211353195.402,1339314696557.8,1056857271735.7859
2021-12-06,2704281708970.1836,816304906333.86,770705902758.5575
2021-12-07,2622746898787.9536,894629260700.75,828192745865.4728
2021-12-08,2976283588738.4707,910152842140.14,888542614501.2351
2021-12-09,2767327393425.7236,1003739437694.31,781308001196.595
2021-12-10,2668097454920.1377,992509137992.6,815212162574.4673
2021-12-11,2985924941495.781,1478710785801.64,1035454469385.0808
2021-12-12,2884434850480.23,1182083301337.83,1021715826929.8883
2021-12-13,2821783307076.722,938736155227.5,800965891571.144
2021-12-14,2825824057288.7173,867940495576.1,736699833446.9805
2021-12-15,2865134400146.6934,1024144130471.22,792136013850.1941
2021-12-16,2891964564797.6914,929279172698.88,851780166656.15
2021-12-17,3100443865202.8535,1235005517655.45,980534906654.459
2021-12-18,3201116880937.9946,1381331096587.05,1040061407169.8218
2021-12-19,3331224791736.4976,1324941637499.36,1016149808488.7638
2021-12-20,2979247048724.4565,971476916951.71,882146520305.3225
2021-12-21,2878287626444.42,930761519759.23,964701153991.9211
2021-12-22,2687699548072.531,931163130975.32,936677642711.7285
2021-12-23,2816296563789.892,954406732181.96,914139838881.5219
2021-12-24,3088244007261.7954,877821960748.62,863766682256.5947
2021-12-25,2579846570732.4653,905944571539.35,957930687367.6453
2021-12-26,2801905937946.0312,1032004700691.87,917248584945.4755
2021-12-27,2576278859872.6655,1024589530200.0,934941855419.5433
2021-12-28,2745039196825.97,1075378960575.65,906437583081.9098
2021-12-29,2785541937479.031,1021125783722.54,613637002442.4213
2021-12-30,3478450400589.3594,1124227565029.03,880045450452.6781
2021-12-31,3251953053007.058,941193162912.17,804828240514.2449
2022-01-01,2705993401650.041,1229455418528.24,972045045836.6062
2022-01-02,2670070800772.1895,1253480802142.37,949427313130.6152
2022-01-03,2663231067300.9424,1024179386180.61,973761480527.7789
2022-01-04,2934130980189.3306,902806065682.92,908115318492.7666
2022-01-05,2893968801144.3096,1014741239014.57,847541133881.8606
2022-01-06,2894796622616.476,1130914443930.2,820520699087.4747
2022-01-07,3118236342075.2866,1035079876257.99,1102195262477.477
2022-01-08,2983530033210.329,1573900034765.81,1296466719370.3723
2022-01-09,3348433077077.264,1360301499090.85,984928860852.4772
2022-01-10,2669622482666.809,1033094242273.17,959123360194.3607
2022-01-11,2646821789931.1294,850120682558.24,1007496639279.8019
2022-01-12,2762562571348.165,990222710810.94,1056126784068.4014
2022-01-13,3559293187056.578,861974078279.02,964016178338.0602
2022-01-14,4703908864132.087,1022063667980.53,943610504482.8204
2022-01-15,4505161551507.789,1401530698362.35,1357017928499.0366
2022-01-16,4700111865738.826,1392781372647.23,1127058310183.5
2022-01-17,4046327940311.9243,1151695678589.54,1093839841494.5426
2022-01-18,3675493651576.3677,870112889209.39,1032168556179.9994
2022-01-19,3442138287179.6294,907754453865.16,1038030331366.5353
2022-01-20,3474565832611.6807,879669559785.89,1005112372468.7603
2022-01-21,3755636261666.472,1032159772175.05,1144372933657.3408
2022-01-22,3514950533259.0845,1303339704157.77,1261721144288.7693
2022-01-23,3550662352761.8286,1428504471823.33,1043930168692.2262
2022-01-24,3560312842536.2437,889612093260.42,1016933243629.9814
2022-01-25,3182540091491.835,829902562878.29,1041553576809.2925
2022-01-26,3407888831078.7993,821355503004.4,1055342834273.6248
2022-01-27,3319055619687.471,954304333171.53,996307064386.0385
2022-01-28,3413377075508.452,1282694720196.67,1160342935925.7812
2022-01-29,3396791127590.143,1196114854846.82,1382016171279.8357
2022-01-30,3626711736084.6025,1207607652533.98,1190203118789.0632
2022-01-31,3211235047568.8306,824912823633.68,1104375720914.1187
2022-02-01,2940838450530.1226,950825466009.82,981892249315.7415
2022-02-02,2676985933723.435,908382057751.29,921043539876.9636
2022-02-03,2952393046399.595,869130542221.98,963114795011.8152
2022-02-04,3001010670313.034,1268971553922.56,1194355197822.117
2022-02-05,3252897565339.549,1462631638042.35,1265599696024.2239
2022-02-06,3121034451418.4683,1310636773833.72,1138814845438.0405
2022-02-07,3106130073869.955,909565446250.04,1050172893544.5979
2022-02-08,2729088354687.5327,902953590742.33,971330855583.5935
2022-02-09,2927367081449.507,896640339291.69,994645647658.4128
2022-02-10,2809088502083.1323,984257824902.83,884335207467.037
2022-02-11,2763328843863.2905,1162910786080.0,999979146739.1252
2022-02-12,2781929459070.1426,1244770530577.37,1130122426898.6035
2022-02-13,2976135918539.9126,1325300954043.67,915496692918.5001
2022-02-14,2716697404030.5635,833772144531.9,955684853986.0164
2022-02-15,2978519918236.818,852194135512.3,889216018857.5393
2022-02-16,2926582457326.768,1123054578187.74,855092420522.8499
2022-02-17,3177410331957.501,917561003549.81,855521348685.1254
2022-02-18,3092092487929.148,1084658721586.77,1013181635601.1324
2022-02-19,2969048043372.466,1296700488068.18,1128573521148.8313
2022-02-20,3314651064309.0664,1394149077718.93,990019427266.9276
2022-02-21,2990511478945.1226,912686536029.95,1029105825913.328
2022-02-22,3128851762848.7417,975935872180.13,874658706614.5591
2022-02-23,2814351298461.5464,907279962288.02,905788601595.5878
2022-02-24,2983389829498.8687,699276077547.29,840163252427.7793
2022-02-25,2746324691733.87,904132790146.52,926263101094.0706
2022-02-26,2941896000455.178,1130117943857.17,1071438562548.8208
2022-02-27,2961472135693.991,1181343532923.07,953307540736.5782
2022-02-28,2487534023603.8145,697959637517.55,884822530172.6567
2022-03-01,2668494441359.822,709674776929.01,827592208235.6091
2022-03-02,2352757938836.385,660352963497.24,773621293182.436
2022-03-03,2661329070849.429,708848220402.27,719491242838.232
2022-03-04,2665477894483.0713,760398342899.97,807609096910.7135
2022-03-05,3004172668306.215,1167153805361.98,893186222601.3258
2022-03-06,2840834011277.0894,1203648556638.0,943714724942.9135
2022-03-07,2651899015515.272,761817438674.94,916116781160.6226
2022-03-08,2703250624999.8315,684322716694.08,720939022983.227
2022-03-09,2955556665089.231,696298378145.21,751355853720.5732
2022-03-10,3092454140639.243,666402752092.49,779633219067.3937
2022-03-11,3036557556879.811,890786120226.2,898696450385.216
2022-03-12,2919331062159.6235,1103390848009.79,1038944624504.155
2022-03-13,2846082710587.603,1171683150709.94,964791558956.242
2022-03-14,2941360676936.2285,744494052583.77,839143146451.5619
2022-03-15,2749394932083.579,882592217356.68,762090985626.654
2022-03-16,2711122057369.129,788321598661.96,753225630909.6711
2022-03-17,2805596338998.3896,843511061991.37,795547363136.0281
2022-03-18,2861884887770.562,867546393951.65,931919187810.0033
2022-03-19,3119690822260.4224,1365984147562.24,986819231633.8905
2022-03-20,2931505417743.1616,1074179213434.64,974284455728.0593
2022-03-21,2767247857201.8867,700947125937.32,848093832904.1365
2022-03-22,2448761784173.4355,860113135057.43,813196713979.1398
2022-03-23,2660998713355.432,956884107391.5,787104999044.9725
2022-03-24,2598265501241.8677,720420341929.76,779502993307.9066
2022-03-25,2938706739837.037,917673713213.57,806481339407.801
2022-03-26,2785121897770.5195,1414037779625.7,964990882099.0896
2022-03-27,3021382912962.765,1112508517955.09,831386099925.8839
2022-03-28,2435562396739.1157,854968192739.23,776074082509.8768
2022-03-29,2773299149963.509,904966447758.6,654917179689.6897
2022-03-30,2666919308004.097,1464939925989.37,610549256609.8749
2022-03-31,2359979965264.892,752345387645.14,677973792895.1882
2022-04-01,2673035947094.442,1036604928638.01,694496193557.3938
2022-04-02,2742807754517.362,1225180479895.38,633942825825.8505
2022-04-03,2896598703139.3135,1131402688901.81,791351076669.8282
2022-04-04,2529832137690.2466,833216708803.85,755443346904.511
2022-04-05,2430372004839.714,824795562830.87,688715471156.4911
2022-04-06,2690990620102.749,824391097085.23,708239864188.9858
2022-04-07,3115666074061.811,936103959865.88,634279701843.4816
2022-04-08,2701353649524.6255,1075657787242.81,655376621017.9772
2022-04-09,2895105631599.504,1264839226238.19,785790852951.701
2022-04-10,3261770996183.3574,1234809817752.44,490418988241.83765
2022-04-11,2881125146999.2617,826027805111.08,683719924021.261
2022-04-12,2668719622585.765,810263815479.46,663463242894.6129
2022-04-13,2743238211566.28,850153783162.31,321632120396.0611
2022-04-14,2485896855969.0933,874257338284.76,
2022-04-15,2720997367845.83,1085415070277.96,
2022-04-16,2548866880953.4277,1151164169457.92,559389235732.8438
2022-04-17,2740805763215.374,1169027848482.91,44374166062.97562
2022-04-18,2436910092825.6353,1032304350182.27,660877607569.126
2022-04-19,2628786628793.4683,937564288459.65,651720223320.4299
2022-04-20,2356548535503.3457,859304147066.47,642084377195.2205
2022-04-21,2549072605188.7803,933940998686.92,356358668573.3919
2022-04-22,2737322392344.1694,917713310298.99,704474229458.9042
2022-04-23,2831730460065.217,1259228409455.26,758287920939.9897
2022-04-24,2919543318137.448,1175960488893.73,759296548544.989
2022-04-25,2557469368247.7417,958274592413.95,696811571297.3466
2022-04-26,2597474930181.3955,763250821817.04,674191915307.689
2022-04-27,2578411885702.257,880423198500.28,679454034991.898
2022-04-28,2241494107217.5205,873481422315.4,633241257456.595
2022-04-29,2402937278003.533,860116124455.29,713322487234.8645
2022-04-30,2209957100645.123,988561879013.19,805095969692.2578
2022-05-01,2425336324579.185,1181630521746.96,718427192742.354
2022-05-02,2361581346938.2417,1055589456527.37,661186627359.2682
2022-05-03,2487545218704.5195,781639236253.64,564939019939.765
2022-05-04,2224898376608.1304,716828334270.21,570728750984.0862
2022-05-05,2191208514563.4683,1059050436891.28,579692321019.6593
2022-05-06,2501284450344.4473,834846850656.67,678033806783.101
2022-05-07,2421749902424.474,1015710253095.06,749763715484.4583
2022-05-08,2706998748582.371,1366891045168.65,673788277506.0675
2022-05-09,2220092335407.956,867970599120.26,672334546518.2906
2022-05-10,2884808149057.1147,1148720539954.99,673146984529.1757
2022-05-11,2778081349673.4614,787929487287.28,591759311982.379
2022-05-12,2632416764524.065,841020068358.75,560524125128.0504
2022-05-13,2657750503998.903,905138867995.01,634250067227.2966
2022-05-14,2703476395108.933,1327866211894.81,779676996204.0758
2022-05-15,2599094803219.757,1222284266358.41,690279944361.6453
2022-05-16,2356978463177.54,815216246005.02,698851297728.9491
2022-05-17,2429112495620.9478,792204229472.77,731483906290.5978
2022-05-18,2285042803188.22,842862236520.1,697438991050.7325
2022-05-19,2497261388301.695,851284756304.67,685950497506.7994
2022-05-20,3033893639057.2427,982117279829.0,703666934599.0453
2022-05-21,3039438842614.707,1430337091064.41,762848193785.0222
2022-05-22,2766856199919.2607,1205606749385.49,877053289085.544
2022-05-23,2750585646129.9033,828758828672.44,674034638513.531
2022-05-24,2651083703515.5645,1031504489424.26,721715891424.7946
2022-05-25,2628249647063.2407,842890630531.82,656527781210.251
2022-05-26,2549896015468.6597,853421636613.09,679868888900.0378
2022-05-27,2612734147428.033,1001077318402.99,878940788217.3247
2022-05-28,2792308145222.9897,1172111860790.37,843183603434.0387
2022-05-29,2922057245743.322,1099717135580.95,895733832764.8828
2022-05-30,2777563600989.8047,993827673396.19,751931578990.5737
2022-05-31,2684311110069.8423,797327254451.42,707379361492.3364
2022-06-01,2870286155830.4263,871356027402.56,731198166166.195
2022-06-02,2416291959272.806,877855828495.1,817824459464.644
2022-06-03,2679591074641.6396,853085286957.61,617216012747.4388
2022-06-04,2720569496628.729,1115363313132.13,903398821321.9807
2022-06-05,3102669415162.9473,1245212450603.6,756179429524.0787
2022-06-06,2661088572650.8276,844641306893.71,724667481584.7848
2022-06-07,3023919300208.7007,934059185284.91,649464149052.7155
2022-06-08,2615610124697.803,980704500885.57,664970484959.5604
2022-06-09,2504245669940.8423,787673066862.48,673985088016.323
2022-06-10,3177068968382.107,891276588127.77,737820863089.7262
2022-06-11,2812842040426.3325,998586014214.57,837907280134.1471
2022-06-12,2579202712595.7534,1173841257458.5,
2022-06-13,2552390219313.533,922543272254.72,740510757719.8811
2022-06-14,2683230148186.674,826451126298.72,699995499210.8062
2022-06-15,2671194905487.64,837276492517.88,705616883879.3073
2022-06-16,2475173784648.485,761264607382.1,670641715391.6971
2022-06-17,2610691885857.691,766745631316.37,792755662354.4364
2022-06-18,2671738454242.419,1210293856435.85,865048754269.915
2022-06-19,2852612814034.6553,1182461496468.53,721025067178.4456
2022-06-20,2918048769358.4907,836648708230.72,725135739403.1163
2022-06-21,3333508107533.5796,747045333765.71,733005391507.4812
2022-06-22,2972606033249.056,928530971356.98,627646082155.2385
2022-06-23,2388599267582.242,852275522378.33,679565322418.6575
2022-06-24,3154539124149.6714,1022343683158.83,754127202190.3555
2022-06-25,2731012324648.1953,1115838905977.79,782769737347.3534
2022-06-26,3149553698208.217,1135444361899.22,748255712363.1038
2022-06-27,2748051411218.6304,795705125157.95,768231633354.8258
2022-06-28,2644250125711.293,810305865790.08,765941106229.244
2022-06-29,2589079912197.5073,678489964824.99,822426916443.2812
2022-06-30,2458467842035.093,685488577464.47,732940409130.3055
2022-07-01,2667403792592.0884,801567438864.53,743341933574.4941
2022-07-02,2692383193502.0967,1019925613631.4,842219055353.904
2022-07-03,3422519607190.167,1011418550047.33,723753197553.869
2022-07-04,2836359390102.3955,873737570311.5,722948865409.5437
2022-07-05,2330894401565.1294,836079627201.8,700854674173.132
2022-07-06,2352277478675.0225,838674607287.68,698986641532.0343
2022-07-07,2419334928333.647,802443129094.09,661892665399.4148
2022-07-08,2414340721088.016,841986854564.76,683276944810.6797
2022-07-09,2414340455993.131,1084854571786.16,798175951261.4298
2022-07-10,2966406394355.4937,1045578053126.38,714285979542.2347
2022-07-11,2503158163695.935,844338868104.21,684590471579.9298
2022-07-12,2486976483375.9683,688925214343.76,656128443703.8513
2022-07-13,2183067197159.7832,700963613306.2,659492737446.265
2022-07-14,2491691585942.2354,825211434312.71,629886859991.9902
2022-07-15,2630470758621.723,1011492653751.51,715007748213.6355
2022-07-16,2574060340903.818,1193857978715.72,803131874033.6273
2022-07-17,2790107013115.366,1149951292192.31,790473658782.3453
2022-07-18,2337531866251.501,847141602056.68,624023771016.7805
2022-07-19,2703453101253.5596,730916437892.09,638711341854.7407
2022-07-20,2796755852543.8647,846887960813.53,638706034585.2635
2022-07-21,2376897608682.947,809318644141.91,592709753426.4808
2022-07-22,2399179584381.7686,902003723334.83,641263698814.8025
2022-07-23,2860069750760.4126,1112568378079.13,49077538391.59991
2022-07-24,2894383684278.722,1125685629836.0,756475949530.8451
2022-07-25,3114121036792.435,942585505339.08,633933624180.3608
2022-07-26,2543633291962.6523,825562357909.11,650944802580.3582
2022-07-27,2705008855200.981,880157426593.98,651186032216.8695
2022-07-28,2463989093790.683,788873785251.16,618874043729.5839
2022-07-29,2642185543861.371,969409481667.67,568974568213.8936
2022-07-30,2754978733406.8584,1113165203335.66,732715120630.6282
2022-07-31,2505453159221.5327,1275828172946.29,676716985106.0095
2022-08-01,2565637678251.451,955358434469.63,632327762376.0095
2022-08-02,2653853116265.8037,787283861538.22,41775323070.19116
2022-08-03,2439373798937.1523,782492066614.8,657844645193.5182
2022-08-04,2332777617464.0073,687888401835.1,17135958575.649412
2022-08-05,2462188664093.684,874518790035.61,729860282290.6349
2022-08-06,2731028040644.1934,1101995597496.56,704684357408.4335
2022-08-07,2790489291532.657,1130434311059.16,769124542892.4343
2022-08-08,2775101799848.3994,726444431694.42,699480186954.7417
2022-08-09,2599720935505.9287,848902674471.46,616155525230.7605
2022-08-10,2630698939148.444,742536119007.37,643419292376.8031
2022-08-11,2387993808543.463,694680990250.36,599553090931.8389
2022-08-12,2558106552219.863,1012902197606.03,684271212150.5043
2022-08-13,2461732450028.9297,897206751748.76,701138106028.3425
2022-08-14,2654939887303.918,1118989330689.14,680245600747.4053
2022-08-15,2583763206946.803,739578776343.22,617300229184.1224
2022-08-16,2690636271659.555,730533458444.11,578973264781.777
2022-08-17,2869360748290.689,850965203357.14,637262642426.7855
2022-08-18,2359564129443.546,857031026928.14,644280776970.2303
2022-08-19,2921230948700.3545,785688934268.68,617744311327.7144
2022-08-20,2580979139978.199,941674000062.02,722955545187.24
2022-08-21,2743986935187.2124,1411894115627.55,702756077484.5012
2022-08-22,2587425678049.9976,694011989058.15,723791956312.73
2022-08-23,2269513866232.939,730782869040.68,642240850009.9202
2022-08-24,2695239942624.3774,751305603724.89,569199321655.5063
2022-08-25,2540745685203.299,648634986192.22,608902595201.6298
2022-08-26,3105081029035.6562,781619858614.42,784172866659.3774
2022-08-27,2731422360819.26,963169274552.86,716309926869.6965
2022-08-28,2496224595687.8403,1170151308116.69,698915966932.4844
2022-08-29,2489675568681.8857,715495212143.47,684484325748.695
2022-08-30,2437209123001.973,762416698929.68,662734464046.5781
2022-08-31,2561543754921.9907,671207509462.5,661092326264.6909
2022-09-01,2434358963534.5317,876191558317.46,592670251571.1156
2022-09-02,2246671024221.0933,900918421260.43,657293689594.8904
2022-09-03,2213943622823.667,1009389723672.49,715737413675.8517
2022-09-04,2557179254145.301,909850844197.37,709773011909.7263
2022-09-05,2578127932002.894,1470315182086.94,658641184132.939
2022-09-06,2576605597358.7573,1078852291378.93,626817264558.6411
2022-09-07,2503416505066.1636,919208624438.75,595179233021.9568
2022-09-08,2644021843624.0483,840387152704.32,564686568039.4315
2022-09-09,2771458683030.289,999321401401.2,617957645458.0328
2022-09-10,2830909953703.558,1158167154427.3,734428364299.2152
2022-09-11,2980113129687.5596,1057382236098.47,663101724282.1732
2022-09-12,2732642163277.6895,885813090956.15,587361297622.9712
2022-09-13,3233089250288.451,719975911036.67,547808830464.11
2022-09-14,2528091038508.0723,935496565826.1,587446300834.7057
2022-09-15,2859135558557.449,752221801003.53,554914042013.0262
2022-09-16,2647264221632.524,875194885134.64,608023267411.2314
2022-09-17,2514065623906.636,1064079116107.84,726275944523.2731
2022-09-18,2807421410021.853,1026853135385.22,672156664838.5289
2022-09-19,2579543368063.4297,873135118887.68,638968049768.816
2022-09-20,2476646548522.6826,1020973250357.15,607309805524.8402
2022-09-21,2368140774594.1514,703178053186.07,584396532422.5728
2022-09-22,2219263896345.0103,767806318001.94,571113516897.4253
2022-09-23,2817155382530.8145,814834724530.11,631072042048.3309
2022-09-24,2616425790556.7637,1359792572549.23,686981634117.02
2022-09-25,3210936374820.336,1128991394366.76,676756453485.9307
2022-09-26,2738410607420.7793,1142958986263.21,632074322119.5522
2022-09-27,2379314888368.338,736716508324.65,596118262381.2174
2022-09-28,2688005291032.018,706155741104.46,568337254421.9105
2022-09-29,2217436207420.309,719592408623.57,546653736715.10065
2022-09-30,3062403491953.4087,758165127302.93,618515543628.5317
2022-10-01,2831477997216.6206,1018791874555.91,721149140053.6819
2022-10-02,2870913345622.234,1222427622707.05,628352708222.69
2022-10-03,2533429660653.5073,912826203182.84,599804497818.4366
2022-10-04,2788693531856.6577,857572222742.56,575728292736.1249
2022-10-05,2534789383445.884,716340676976.86,579403703549.6174
2022-10-06,2619025360480.995,834496054599.37,561319336733.6066
2022-10-07,2709498727256.158,843933246891.87,630321234439.4691
2022-10-08,3031554478359.939,1364375128465.26,692534663152.1123
2022-10-09,2974984416549.1865,1140696837143.01,670383553769.0662
2022-10-10,2846051535523.1694,886403514893.53,630846696183.4037
2022-10-11,2436690536987.395,868911203385.33,602889999513.9701
2022-10-12,2569991770471.382,657213791621.8,552550745649.7219
2022-10-13,2849647893245.0664,660962526032.51,622188246224.179
2022-10-14,2938249358421.6113,933543386627.7,674471134883.7319
2022-10-15,2749430596329.655,1250170097660.89,736522765654.9033
2022-10-16,3162095533483.4736,1023303877824.56,702850846437.0447
2022-10-17,2851904043989.26,796030102298.7,677928989499.3518
2022-10-18,2762750872273.833,893961521779.34,635384496814.4673
2022-10-19,2448024665699.2246,670580676538.77,610441525184.1854
2022-10-20,2364676286677.361,779794870227.1,579131957712.7697
2022-10-21,2603605651316.9307,938562329569.8,598493806891.774
2022-10-22,2730249368239.2534,1174610906517.78,683210765954.8104
2022-10-23,3094219247858.368,1183226772320.06,663255958915.3245
2022-10-24,2723135908014.683,991994613257.22,572395012315.605
2022-10-25,2551717375924.869,957362037555.04,608980372493.9463
2022-10-26,2505730581664.665,902640806634.45,528872426934.5872
2022-10-27,2420308835975.089,872316321261.08,573184253044.6962
2022-10-28,2391622991091.344,1046825482686.94,639120812372.4912
2022-10-29,2521261374554.148,1158781077968.99,690083142388.3191
2022-10-30,3090175543943.758,1344102785508.93,668650758337.9917
2022-10-31,2535972273764.1763,1085410677907.79,412112845861.54913
2022-11-01,2808611926391.1084,964337890792.94,689532208182.4607
2022-11-02,2634247695520.885,865879893870.71,676084583167.2062
2022-11-03,2822653783777.8267,721370495045.34,684741769469.0931
2022-11-04,3280398631146.4224,1082455995344.48,778811104251.2997
2022-11-05,2891919590797.935,1304741350984.27,867960912428.2056
2022-11-06,3279773494891.428,1265886773924.71,793244817080.2765
2022-11-07,3126444701217.325,803568756371.22,702604771737.525
2022-11-08,3345337920182.272,1182660374012.89,679799767068.1202
2022-11-09,3026211217576.251,930380165549.86,756476244507.1823
2022-11-10,3323641213236.3496,890101332940.2,746838600480.8817
2022-11-11,3267967581234.211,1114896673951.9,808188977730.5334
2022-11-12,3293335997637.5195,1499511659137.23,836638044763.1946
2022-11-13,3764712715447.888,1517111011525.7,821420246206.6069
2022-11-14,3549705233473.87,1166356491691.89,780938055988.6329
2022-11-15,3024424897262.154,900010933783.73,803748242153.2328
2022-11-16,3215632233637.8545,908715023589.51,803520505431.9689
2022-11-17,3057868812412.0825,1046341777707.4,753749593448.3278
2022-11-18,3540101474923.0967,1081527143556.77,766738237046.8546
2022-11-19,3561471825964.6772,1466756717410.87,931517501226.168
2022-11-20,3731834806886.0557,1241574391920.81,905570271104.0941
2022-11-21,3774983873200.197,994755909991.38,850494605124.0927
2022-11-22,3574676882468.078,950020108462.61,858628349578.2637
2022-11-23,3590163836997.994,929260994375.37,833877250135.4503
2022-11-24,3643560358605.95,985109822826.68,834372937751.9629
2022-11-25,4612210424657.298,1067299262861.16,858500320785.2267
2022-11-26,3704452300260.7266,1263896738189.91,923552162092.7964
2022-11-27,4110603786000.411,1272273800661.84,900601312888.1703
2022-11-28,3524295887962.2124,827316260846.82,788373225950.2485
2022-11-29,3530628177908.044,816832362218.75,769137699653.1486
2022-11-30,3496968540954.816,896193913982.39,768683807303.5681
2022-12-01,3152563846835.128,1089709597065.89,732322471479.9524
2022-12-02,3325593073887.618,1052115794555.76,836318620746.8284
2022-12-03,3629914635206.085,1594038331539.87,786595285123.9678
2022-12-04,3667108469932.132,1409740213686.07,817871479746.4515
2022-12-05,3448087673838.269,1285162867550.6,784225108912.0414
2022-12-06,3496101408201.5137,951959262222.29,757796557568.8064
2022-12-07,4039815588332.9736,955328037501.76,758916936945.8982
2022-12-08,3489607347259.7344,957156572413.45,842268899651.3992
2022-12-09,3319471450583.2373,1034347938689.07,877014044102.1239
2022-12-10,3843188490691.7925,1487770793898.91,934391806834.3981
2022-12-11,4202894468654.1494,1677820086073.86,914412392518.3865
2022-12-12,3365325740619.16,955243063298.72,840686662424.6111
2022-12-13,3793665362140.4014,990180454226.0,755722799332.3462
2022-12-14,3552030523448.62,948027803304.43,781627629598.8401
2022-12-15,4422815718273.447,1161323746281.18,764140641570.9875
2022-12-16,4104009761872.258,1282284793690.21,721689108364.0349
2022-12-17,4224737117593.7773,1680212427419.73,799696919000.5339
2022-12-18,4297039399635.937,1760601171543.11,813509025592.6896
2022-12-19,4331173576542.166,1090854145735.74,771123509548.7319
2022-12-20,4143842961407.8716,1117499354374.23,719359926303.7286
2022-12-21,3635382150619.2383,1138202247767.99,740937173145.1914
2022-12-22,3197780558943.4995,1012983731537.05,737416580071.6243
2022-12-23,3584606410750.2227,1102056479760.17,849695293773.7544
2022-12-24,4228594418019.7446,1156568391553.48,835249752204.7915
2022-12-25,3748639200564.9434,1032354897252.94,782678763549.9431
2022-12-26,3381451037910.054,1127324333391.23,815873999928.2783
2022-12-27,3183714574742.4834,1225624805892.31,831677525189.657
2022-12-28,3119749761579.8613,1087446938910.06,823346692353.658
2022-12-29,3618012240815.8115,1173388927019.08,795753057151.5234
2022-12-30,4072977280686.8813,1214975244706.82,899375806080.9796
2022-12-31,3456606173252.968,1165383849697.73,818810177351.147
2023-01-01,3278640814560.136,1933004523415.2,779925560923.7599
2023-01-02,3760009734284.801,1384881763128.7,1023079480658.3739
2023-01-03,3444898502002.9663,1096488476959.64,957946997565.0277
2023-01-04,3303126547016.4297,932987121278.91,931760295929.1696
2023-01-05,3518312530412.4297,1082016595269.69,997266540387.4194
2023-01-06,3812769380724.2695,1124696550489.0,1098148719736.9045
2023-01-07,3744403288550.3413,1385996113981.93,1100539344901.8025
2023-01-08,4141736661680.405,1449800716443.45,1030254706980.9719
2023-01-09,4047682269670.6777,1059490921333.03,1202127391353.081
2023-01-10,3595539908999.1895,946121628304.35,1061420830722.4169
2023-01-11,3298071897494.139,865512999623.18,1018433615366.0691
2023-01-12,3083554742300.181,994008184497.27,1086603150582.6335
2023-01-13,3849204469251.471,1066080386082.91,1237534492110.6387
2023-01-14,3867435996475.1055,1407123066966.85,1271678484663.3145
2023-01-15,4354450181740.599,1560187344146.11,1217681444343.695
2023-01-16,4251589036255.8022,1247285689559.94,978005436851.021
2023-01-17,3347018918856.715,1153872719243.84,999653582623.0702
2023-01-18,4000349398281.2026,993204413662.54,944539075969.5227
2023-01-19,3868871849479.9155,1199655080929.31,878598200799.0428
2023-01-20,4100822301116.5435,1312777650243.86,969009408273.3944
2023-01-21,4238786057959.06,1672187665029.61,1217778723497.6062
2023-01-22,4087659886171.7603,1589943374199.45,1248376349383.0393
2023-01-23,3629852154794.5776,1291430517898.24,965425861578.108
2023-01-24,3330690475849.2007,1543505254673.35,812038854008.2828
2023-01-25,3466510206587.5737,1293674297435.64,847523136719.4191
2023-01-26,3097012951508.3296,1518354323070.29,800420672865.904
2023-01-27,3563221923018.58,1272240809488.28,929718970184.2386
2023-01-28,4173893254454.3804,1416492335897.04,989634333347.9355
2023-01-29,3676271186889.492,1734639424630.43,943327086177.8268
2023-01-30,3260212428267.0366,2203578818573.39,890492102391.5117
2023-01-31,3587218390639.9985,1360512863497.57,922786267966.1146
2023-02-01,3583153359077.731,1347956172149.62,812871439403.2523
2023-02-02,3614960849968.19,1213221764111.61,870609808814.353
2023-02-03,3435856853951.517,1402028912874.13,958097184305.7393
2023-02-04,4362586068203.616,1628911939410.45,1071307908790.6644
2023-02-05,3749197683745.312,1799682276982.78,1061857157447.0759
2023-02-06,4199574205125.132,1144302970443.74,938465499212.8507
2023-02-07,3504041889406.3447,1271511800300.96,895731675533.8999
2023-02-08,3605872260217.0605,1104155205819.28,857842422813.832
2023-02-09,3902373036270.7656,1044455736636.4,882827868270.633
2023-02-10,4169841809183.788,1077799788470.81,962568108203.1481
2023-02-11,4471397666704.342,1437344218374.73,1003682994625.5929
2023-02-12,4279422303912.0312,1550734653225.64,982314773279.7291
2023-02-13,4302562781187.436,1028374559540.08,876547972000.6676
2023-02-14,4805074799781.048,938823077664.94,942375751703.7338
2023-02-15,4237316026610.835,940606339575.65,919330104755.0939
2023-02-16,3596396177495.362,1083716047635.38,907707837798.593
2023-02-17,3683635137543.4224,1254196398291.25,972559123114.9326
2023-02-18,4360799003314.4453,1539750986230.43,1091665388122.7789
2023-02-19,4141467126471.501,1506639816180.7,989965691203.1329
2023-02-20,3906983483842.209,1147027806536.83,952867905725.5912
2023-02-21,4504670804873.191,1405889681711.14,863697687368.9362
2023-02-22,3923093227075.118,937422671932.14,855600047662.7028
2023-02-23,3731813509242.725,1015542583062.36,881167432502.2617
2023-02-24,3524943396770.147,1225396260295.21,982261346046.0841
2023-02-25,3939274411514.332,1393990167426.69,1068699733501.4998
2023-02-26,4249309694417.126,1572283928685.41,957232498829.2996
2023-02-27,4284252024929.301,1017449575788.4,914148486105.1891
2023-02-28,4647068919324.202,936606988390.18,948101506490.3136
2023-03-01,4128963073426.6655,1289662427626.07,944086042608.1732
2023-03-02,4059303821670.8833,1008365494816.36,946832470735.8424
2023-03-03,4024609184392.548,1381770593341.11,1026399690530.2777
2023-03-04,5038420230149.316,1562596519087.94,988712100741.3215
2023-03-05,5084842334828.932,1410414837707.19,974673840391.4354
2023-03-06,4510339934210.331,1042430660155.64,861046070883.3948
2023-03-07,4516020300677.035,1193698893930.87,859139616876.5426
2023-03-08,4493731695002.184,1113291492014.12,865542220322.8442
2023-03-09,4060064607571.7627,1039216155885.63,948445935917.3258
2023-03-10,4472175184088.169,1354342023367.45,1065431588502.1343
2023-03-11,4397692625629.1685,1950781505853.3,1095194839473.0624
2023-03-12,4982377906589.778,1780954174826.02,925006094057.1089
2023-03-13,3756415088283.9473,1233421881256.82,940378188389.1292
2023-03-14,3987219084348.224,879204234767.63,877235940758.7997
2023-03-15,4271819986284.698,1605095267807.24,938552091234.9583
2023-03-16,4169567321422.534,1124227998031.19,933750857065.554
2023-03-17,4135810617511.0547,1493379100444.57,914633304424.1785
2023-03-18,4520665902673.966,1295714308383.43,1091989633116.9729
2023-03-19,4895844489186.431,1610694346251.43,1073238415738.8765
2023-03-20,4220996959727.404,1041570600063.4,997931520598.655
2023-03-21,3904194202403.668,1260639172189.27,941892719658.7157
2023-03-22,3912158672310.8887,1019860023160.79,865616306835.8824
2023-03-23,3602484502920.51,1095631447037.01,912413376821.4636
2023-03-24,3656082817823.539,1206504220949.18,906508185200.4814
2023-03-25,3888719976582.8584,1382512554266.0,1107198046586.2898
2023-03-26,4231002407173.5635,1701551051738.89,1039324249269.0911
2023-03-27,3797551055029.53,959814797647.48,944144849322.0625
2023-03-28,4180067233786.814,1069660171985.96,856507260870.9878
2023-03-29,3844786855055.9453,998795615736.79,877683518920.1996
2023-03-30,3855803733023.9956,1082156743634.57,894428461320.4711
2023-03-31,3742923512458.5527,1241225708811.68,910199352556.3019
